"Entry","Entry.name","Length","Sequence"
"P00748","FA12_HUMAN",615,"MRALLLLGFLLVSLESTLSIPPWEAPKEHKYKAEEHTVVLTVTGEPCHFPFQYHRQLYHKCTHKGRPGPQPWCATTPNFDQDQRWGYCLEPKKVKDHCSKHSPCQKGGTCVNMPSGPHCLCPQHLTGNHCQKEKCFEPQLLRFFHKNEIWYRTEQAAVARCQCKGPDAHCQRLASQACRTNPCLHGGRCLEVEGHRLCHCPVGYTGAFCDVDTKASCYDGRGLSYRGLARTTLSGAPCQPWASEATYRNVTAEQARNWGLGGHAFCRNPDNDIRPWCFVLNRDRLSWEYCDLAQCQTPTQAAPPTPVSPRLHVPLMPAQPAPPKPQPTTRTPPQSQTPGALPAKREQPPSLTRNGPLSCGQRLRKSLSSMTRVVGGLVALRGAHPYIAALYWGHSFCAGSLIAPCWVLTAAHCLQDRPAPEDLTVVLGQERRNHSCEPCQTLAVRSYRLHEAFSPVSYQHDLALLRLQEDADGSCALLSPYVQPVCLPSGAARPSETTLCQVAGWGHQFEGAEEYASFLQEAQVPFLSLERCSAPDVHGSSILPGMLCAGFLEGGTDACQGDSGGPLVCEDQAAERRLTLQGIISWGSGCGDRNKPGVYTDVAYYLAWIREHTVS"
"P02751","FINC_HUMAN",2386,"MLRGPGPGLLLLAVQCLGTAVPSTGASKSKRQAQQMVQPQSPVAVSQSKPGCYDNGKHYQINQQWERTYLGNALVCTCYGGSRGFNCESKPEAEETCFDKYTGNTYRVGDTYERPKDSMIWDCTCIGAGRGRISCTIANRCHEGGQSYKIGDTWRRPHETGGYMLECVCLGNGKGEWTCKPIAEKCFDHAAGTSYVVGETWEKPYQGWMMVDCTCLGEGSGRITCTSRNRCNDQDTRTSYRIGDTWSKKDNRGNLLQCICTGNGRGEWKCERHTSVQTTSSGSGPFTDVRAAVYQPQPHPQPPPYGHCVTDSGVVYSVGMQWLKTQGNKQMLCTCLGNGVSCQETAVTQTYGGNSNGEPCVLPFTYNGRTFYSCTTEGRQDGHLWCSTTSNYEQDQKYSFCTDHTVLVQTRGGNSNGALCHFPFLYNNHNYTDCTSEGRRDNMKWCGTTQNYDADQKFGFCPMAAHEEICTTNEGVMYRIGDQWDKQHDMGHMMRCTCVGNGRGEWTCIAYSQLRDQCIVDDITYNVNDTFHKRHEEGHMLNCTCFGQGRGRWKCDPVDQCQDSETGTFYQIGDSWEKYVHGVRYQCYCYGRGIGEWHCQPLQTYPSSSGPVEVFITETPSQPNSHPIQWNAPQPSHISKYILRWRPKNSVGRWKEATIPGHLNSYTIKGLKPGVVYEGQLISIQQYGHQEVTRFDFTTTSTSTPVTSNTVTGETTPFSPLVATSESVTEITASSFVVSWVSASDTVSGFRVEYELSEEGDEPQYLDLPSTATSVNIPDLLPGRKYIVNVYQISEDGEQSLILSTSQTTAPDAPPDTTVDQVDDTSIVVRWSRPQAPITGYRIVYSPSVEGSSTELNLPETANSVTLSDLQPGVQYNITIYAVEENQESTPVVIQQETTGTPRSDTVPSPRDLQFVEVTDVKVTIMWTPPESAVTGYRVDVIPVNLPGEHGQRLPISRNTFAEVTGLSPGVTYYFKVFAVSHGRESKPLTAQQTTKLDAPTNLQFVNETDSTVLVRWTPPRAQITGYRLTVGLTRRGQPRQYNVGPSVSKYPLRNLQPASEYTVSLVAIKGNQESPKATGVFTTLQPGSSIPPYNTEVTETTIVITWTPAPRIGFKLGVRPSQGGEAPREVTSDSGSIVVSGLTPGVEYVYTIQVLRDGQERDAPIVNKVVTPLSPPTNLHLEANPDTGVLTVSWERSTTPDITGYRITTTPTNGQQGNSLEEVVHADQSSCTFDNLSPGLEYNVSVYTVKDDKESVPISDTIIPAVPPPTDLRFTNIGPDTMRVTWAPPPSIDLTNFLVRYSPVKNEEDVAELSISPSDNAVVLTNLLPGTEYVVSVSSVYEQHESTPLRGRQKTGLDSPTGIDFSDITANSFTVHWIAPRATITGYRIRHHPEHFSGRPREDRVPHSRNSITLTNLTPGTEYVVSIVALNGREESPLLIGQQSTVSDVPRDLEVVAATPTSLLISWDAPAVTVRYYRITYGETGGNSPVQEFTVPGSKSTATISGLKPGVDYTITVYAVTGRGDSPASSKPISINYRTEIDKPSQMQVTDVQDNSISVKWLPSSSPVTGYRVTTTPKNGPGPTKTKTAGPDQTEMTIEGLQPTVEYVVSVYAQNPSGESQPLVQTAVTNIDRPKGLAFTDVDVDSIKIAWESPQGQVSRYRVTYSSPEDGIHELFPAPDGEEDTAELQGLRPGSEYTVSVVALHDDMESQPLIGTQSTAIPAPTDLKFTQVTPTSLSAQWTPPNVQLTGYRVRVTPKEKTGPMKEINLAPDSSSVVVSGLMVATKYEVSVYALKDTLTSRPAQGVVTTLENVSPPRRARVTDATETTITISWRTKTETITGFQVDAVPANGQTPIQRTIKPDVRSYTITGLQPGTDYKIYLYTLNDNARSSPVVIDASTAIDAPSNLRFLATTPNSLLVSWQPPRARITGYIIKYEKPGSPPREVVPRPRPGVTEATITGLEPGTEYTIYVIALKNNQKSEPLIGRKKTDELPQLVTLPHPNLHGPEILDVPSTVQKTPFVTHPGYDTGNGIQLPGTSGQQPSVGQQMIFEEHGFRRTTPPTTATPIRHRPRPYPPNVGEEIQIGHIPREDVDYHLYPHGPGLNPNASTGQEALSQTTISWAPFQDTSEYIISCHPVGTDEEPLQFRVPGTSTSATLTGLTRGATYNVIVEALKDQQRHKVREEVVTVGNSVNEGLNQPTDDSCFDPYTVSHYAVGDEWERMSESGFKLLCQCLGFGSGHFRCDSSRWCHDNGVNYKIGEKWDRQGENGQMMSCTCLGNGKGEFKCDPHEATCYDDGKTYHVGEQWQKEYLGAICSCTCFGGQRGWRCDNCRRPGGEPSPEGTTGQSYNQYSQRYHQRTNTNVNCPIECFMPLDVQADREDSRE"
"P11276","FINC_MOUSE",2477,"MLRGPGPGRLLLLAVLCLGTSVRCTEAGKSKRQAQQIVQPQSPVAVSQSKPGCFDNGKHYQINQQWERTYLGNALVCTCYGGSRGFNCESKPEPEETCFDKYTGNTYKVGDTYERPKDSMIWDCTCIGAGRGRISCTIANRCHEGGQSYKIGDKWRRPHETGGYMLECLCLGNGKGEWTCKPIAEKCFDHAAGTSYVVGETWEKPYQGWMMVDCTCLGEGNGRITCTSRNRCNDQDTRTSYRIGDTWSKKDNRGNLLQCVCTGNGRGEWKCERHALQSASAGSGSFTDVRTAIYQPQTHPQPAPYGHCVTDSGVVYSVGMQWLKSQGNKQMLCTCLGNGVSCQETAVTQTYGGNSNGEPCVLPFTYNGRTFYSCTTEGRQDGHLWCSTTSNYEQDQKYSFCTDHAVLVQTRGGNSNGALCHFPFLYNNRNYTDCTSEGRRDNMKWCGTTQNYDADQKFGFCPMAAHEEICTTNEGVMYRIGDQWDKQHDLGHMMRCTCVGNGRGEWACIPYSQLRDQCIVDDITYNVNDTFHKRHEEGHMLNCTCFGQGRGRWKCDPIDQCQDSETRTFYQIGDSWEKFVHGVRYQCYCYGRGIGEWHCQPLQTYPGTTGPVQVIITETPSQPNSHPIQWNAPEPSHITKYILRWRPKTSTGRWKEATIPGHLNSYTIKGLTPGVIYEGQLISIQQYGHREVTRFDFTTSASTPVTSNTVTGETAPYSPVVATSESVTEITASSFVVSWVSASDTVSGFRVEYELSEEGDEPQYLDLPSTATSVNIPDLLPGRKYIVNVYQISEEGKQSLILSTSQTTAPDAPPDPTVDQVDDTSIVVRWSRPQAPITGYRIVYSPSVEGSSTELNLPETANSVTLSDLQPGVQYNITIYAVEENQESTPVFIQQETTGTPRSDNVPPPTDLQFVELTDVKVTIMWTPPDSVVSGYRVEVLPVSLPGEHGQRLPVNRNTFAEITGLSPGVTYLFKVFAVHQGRESNPLTAQQTTKLDAPTNLQFVNETDRTVLVTWTPPRARIAGYRLTAGLTRGGQPKQYNVGPLASKYPLRNLQPGSEYTVTLVAVKGNQQSPKATGVFTTLQPLRSIPPYNTEVTETTIVITWTPAPRIGFKLGVRPSQGGEAPREVTSDSGSIVVSGLTPGVEYTYTIQVLRDGQERDAPIVNRVVTPLSPPTNLHLEANPDTGVLTVSWERSTTPDITGYRITTTPTNGQQGTSLEEVVHADQSSCTFENLNPGLEYNVSVYTVKDDKESAPISDTVVPEVPQLTDLSFVDITDSSIGLRWTPLNSSTIIGYRITVVAAGEGIPIFEDFVDSSVGYYTVTGLEPGIDYDISVITLINGGESAPTTLTQQTAVPPPTDLRFTNIGPDTMRVTWAPPPSIELTNLLVRYSPVKNEEDVAELSISPSDNAVVLTNLLPGTEYLVSVSSVYEQHESIPLRGRQKTGLDSPTGFDSSDITANSFTVHWVAPRAPITGYIIRHHAEHSVGRPRQDRVPPSRNSITLTNLNPGTEYVVSIIAVNGREESPPLIGQQATVSDIPRDLEVIASTPTSLLISWEPPAVSVRYYRITYGETGGNSPVQEFTVPGSKSTATINNIKPGADYTITLYAVTGRGDSPASSKPVSINYKTEIDKPSQMQVTDVQDNSISVRWLPSTSPVTGYRVTTTPKNGLGPSKTKTASPDQTEMTIEGLQPTVEYVVSVYAQNRNGESQPLVQTAVTNIDRPKGLAFTDVDVDSIKIAWESPQGQVSRYRVTYSSPEDGIRELFPAPDGEDDTAELQGLRPGSEYTVSVVALHDDMESQPLIGIQSTAIPAPTNLKFSQVTPTSFTAQWIAPSVQLTGYRVRVNPKEKTGPMKEINLSPDSSSVIVSGLMVATKYEVSVYALKDTLTSRPAQGVITTLENVSPPRRARVTDATETTITISWRTKTETITGFQVDAIPANGQTPVQRSISPDVRSYTITGLQPGTDYKIHLYTLNDNARSSPVIIDASTAIDAPSNLRFLTTTPNSLLVSWQAPRARITGYIIKYEKPGSPPREVVPRPRPGVTEATITGLEPGTEYTIYVIALKNNQKSEPLIGRKKTDELPQLVTLPHPNLHGPEILDVPSTVQKTPFITNPGYDTENGIQLPGTTHQQPSVGQQMIFEEHGFRRTTPPTAATPVRLRPRPYLPNVDEEVQIGHVPRGDVDYHLYPHVPGLNPNASTGQEALSQTTISWTPFQESSEYIISCQPVGTDEEPLQFQVPGTSTSATLTGLTRGVTYNIIVEALQNQRRHKVREEVVTVGNAVSEGLNQPTDDSCFDPYTVSHYAIGEEWERLSDAGFKLTCQCLGFGSGHFRCDSSKWCHDNGVNYKIGEKWDRQGENGQRMSCTCLGNGKGEFKCDPHEATCYDDGKTYHVGEQWQKEYLGAICSCTCFGGQRGWRCDNCRRPGAAEPSPDGTTGHTYNQYTQRYNQRTNTNVNCPIECFMPLDVQADRDDSRE"
"P08253","MMP2_HUMAN",660,"MEALMARGALTGPLRALCLLGCLLSHAAAAPSPIIKFPGDVAPKTDKELAVQYLNTFYGCPKESCNLFVLKDTLKKMQKFFGLPQTGDLDQNTIETMRKPRCGNPDVANYNFFPRKPKWDKNQITYRIIGYTPDLDPETVDDAFARAFQVWSDVTPLRFSRIHDGEADIMINFGRWEHGDGYPFDGKDGLLAHAFAPGTGVGGDSHFDDDELWTLGEGQVVRVKYGNADGEYCKFPFLFNGKEYNSCTDTGRSDGFLWCSTTYNFEKDGKYGFCPHEALFTMGGNAEGQPCKFPFRFQGTSYDSCTTEGRTDGYRWCGTTEDYDRDKKYGFCPETAMSTVGGNSEGAPCVFPFTFLGNKYESCTSAGRSDGKMWCATTANYDDDRKWGFCPDQGYSLFLVAAHEFGHAMGLEHSQDPGALMAPIYTYTKNFRLSQDDIKGIQELYGASPDIDLGTGPTPTLGPVTPEICKQDIVFDGIAQIRGEIFFFKDRFIWRTVTPRDKPMGPLLVATFWPELPEKIDAVYEAPQEEKAVFFAGNEYWIYSASTLERGYPKPLTSLGLPPDVQRVDAAFNWSKNKKTYIFAGDKFWRYNEVKKKMDPGFPKLIADAWNAIPDNLDAVVDLQGGGHSYFFKGAYYLKLENQSLKSVKFGSIKSDWLGC"
"P14780","MMP9_HUMAN",707,"MSLWQPLVLVLLVLGCCFAAPRQRQSTLVLFPGDLRTNLTDRQLAEEYLYRYGYTRVAEMRGESKSLGPALLLLQKQLSLPETGELDSATLKAMRTPRCGVPDLGRFQTFEGDLKWHHHNITYWIQNYSEDLPRAVIDDAFARAFALWSAVTPLTFTRVYSRDADIVIQFGVAEHGDGYPFDGKDGLLAHAFPPGPGIQGDAHFDDDELWSLGKGVVVPTRFGNADGAACHFPFIFEGRSYSACTTDGRSDGLPWCSTTANYDTDDRFGFCPSERLYTQDGNADGKPCQFPFIFQGQSYSACTTDGRSDGYRWCATTANYDRDKLFGFCPTRADSTVMGGNSAGELCVFPFTFLGKEYSTCTSEGRGDGRLWCATTSNFDSDKKWGFCPDQGYSLFLVAAHEFGHALGLDHSSVPEALMYPMYRFTEGPPLHKDDVNGIRHLYGPRPEPEPRPPTTTTPQPTAPPTVCPTGPPTVHPSERPTAGPTGPPSAGPTGPPTAGPSTATTVPLSPVDDACNVNIFDAIAEIGNQLYLFKDGKYWRFSEGRGSRPQGPFLIADKWPALPRKLDSVFEERLSKKLFFFSGRQVWVYTGASVLGPRRLDKLGLGADVAQVTGALRSGRGKMLLFSGRRLWRFDVKAQMVDPRSASEVDRMFPGVPLDTHDVFQYREKAYFCQDRFYWRVSSRSELNQVDQVGYVTYDILQCPED"
"P11717","MPRI_HUMAN",2491,"MGAAAGRSPHLGPAPARRPQRSLLLLQLLLLVAAPGSTQAQAAPFPELCSYTWEAVDTKNNVLYKINICGSVDIVQCGPSSAVCMHDLKTRTYHSVGDSVLRSATRSLLEFNTTVSCDQQGTNHRVQSSIAFLCGKTLGTPEFVTATECVHYFEWRTTAACKKDIFKANKEVPCYVFDEELRKHDLNPLIKLSGAYLVDDSDPDTSLFINVCRDIDTLRDPGSQLRACPPGTAACLVRGHQAFDVGQPRDGLKLVRKDRLVLSYVREEAGKLDFCDGHSPAVTITFVCPSERREGTIPKLTAKSNCRYEIEWITEYACHRDYLESKTCSLSGEQQDVSIDLTPLAQSGGSSYISDGKEYLFYLNVCGETEIQFCNKKQAAVCQVKKSDTSQVKAAGRYHNQTLRYSDGDLTLIYFGGDECSSGFQRMSVINFECNKTAGNDGKGTPVFTGEVDCTYFFTWDTEYACVKEKEDLLCGATDGKKRYDLSALVRHAEPEQNWEAVDGSQTETEKKHFFINICHRVLQEGKARGCPEDAAVCAVDKNGSKNLGKFISSPMKEKGNIQLSYSDGDDCGHGKKIKTNITLVCKPGDLESAPVLRTSGEGGCFYEFEWHTAAACVLSKTEGENCTVFDSQAGFSFDLSPLTKKNGAYKVETKKYDFYINVCGPVSVSPCQPDSGACQVAKSDEKTWNLGLSNAKLSYYDGMIQLNYRGGTPYNNERHTPRATLITFLCDRDAGVGFPEYQEEDNSTYNFRWYTSYACPEEPLECVVTDPSTLEQYDLSSLAKSEGGLGGNWYAMDNSGEHVTWRKYYINVCRPLNPVPGCNRYASACQMKYEKDQGSFTEVVSISNLGMAKTGPVVEDSGSLLLEYVNGSACTTSDGRQTTYTTRIHLVCSRGRLNSHPIFSLNWECVVSFLWNTEAACPIQTTTDTDQACSIRDPNSGFVFNLNPLNSSQGYNVSGIGKIFMFNVCGTMPVCGTILGKPASGCEAETQTEELKNWKPARPVGIEKSLQLSTEGFITLTYKGPLSAKGTADAFIVRFVCNDDVYSGPLKFLHQDIDSGQGIRNTYFEFETALACVPSPVDCQVTDLAGNEYDLTGLSTVRKPWTAVDTSVDGRKRTFYLSVCNPLPYIPGCQGSAVGSCLVSEGNSWNLGVVQMSPQAAANGSLSIMYVNGDKCGNQRFSTRITFECAQISGSPAFQLQDGCEYVFIWRTVEACPVVRVEGDNCEVKDPRHGNLYDLKPLGLNDTIVSAGEYTYYFRVCGKLSSDVCPTSDKSKVVSSCQEKREPQGFHKVAGLLTQKLTYENGLLKMNFTGGDTCHKVYQRSTAIFFYCDRGTQRPVFLKETSDCSYLFEWRTQYACPPFDLTECSFKDGAGNSFDLSSLSRYSDNWEAITGTGDPEHYLINVCKSLAPQAGTEPCPPEAAACLLGGSKPVNLGRVRDGPQWRDGIIVLKYVDGDLCPDGIRKKSTTIRFTCSESQVNSRPMFISAVEDCEYTFAWPTATACPMKSNEHDDCQVTNPSTGHLFDLSSLSGRAGFTAAYSEKGLVYMSICGENENCPPGVGACFGQTRISVGKANKRLRYVDQVLQLVYKDGSPCPSKSGLSYKSVISFVCRPEARPTNRPMLISLDKQTCTLFFSWHTPLACEQATECSVRNGSSIVDLSPLIHRTGGYEAYDESEDDASDTNPDFYINICQPLNPMHGVPCPAGAAVCKVPIDGPPIDIGRVAGPPILNPIANEIYLNFESSTPCLADKHFNYTSLIAFHCKRGVSMGTPKLLRTSECDFVFEWETPVVCPDEVRMDGCTLTDEQLLYSFNLSSLSTSTFKVTRDSRTYSVGVCTFAVGPEQGGCKDGGVCLLSGTKGASFGRLQSMKLDYRHQDEAVVLSYVNGDRCPPETDDGVPCVFPFIFNGKSYEECIIESRAKLWCSTTADYDRDHEWGFCRHSNSYRTSSIIFKCDEDEDIGRPQVFSEVRGCDVTFEWKTKVVCPPKKLECKFVQKHKTYDLRLLSSLTGSWSLVHNGVSYYINLCQKIYKGPLGCSERASICRRTTTGDVQVLGLVHTQKLGVIGDKVVVTYSKGYPCGGNKTASSVIELTCTKTVGRPAFKRFDIDSCTYYFSWDSRAACAVKPQEVQMVNGTITNPINGKSFSLGDIYFKLFRASGDMRTNGDNYLYEIQLSSITSSRNPACSGANICQVKPNDQHFSRKVGTSDKTKYYLQDGDLDVVFASSSKCGKDKTKSVSSTIFFHCDPLVEDGIPEFSHETADCQYLFSWYTSAVCPLGVGFDSENPGDDGQMHKGLSERSQAVGAVLSLLLVALTCCLLALLLYKKERRETVISKLTTCCRRSSNVSYKYSKVNKEEETDENETEWLMEEIQLPPPRQGKEGQENGHITTKSVKALSSLHGDDQDSEDEVLTIPEVKVHSGRGAGAESSHPVRNAQSNALQEREDDRVGLVRGEKARKGKSSSAQQKTVSSTKLVSFHDDSDEDLLHI"
"Q07113","MPRI_MOUSE",2483,"MRAVQLGPVPSGPRVALLPPLLLLLLLAAAGSAQAQAVDLDALCSYTWEAVDSKNNAVYKINVCGNVGISSCGPTSAICMCDLKTENCRSVGDSLLRSSARSLLEFNTTMGCQPSDSQHRIQTSITFLCGKTLGTPEFVTATDCVHYFEWRTTAACKKDIFKADKEVPCYAFDDKLQKHDLNPLIKLNGGYLVDDSDPDTSLFINVCRDIDSLRDPSTQLRVCPAGTAACLLKGNQAFDVGRPKEGLKLLSKDRLVLTYVKEEGEKPDFCNGHSPAVTVTFVCPSERREGTIPKLTAKSNCRYEVEWITEYACHRDYLQSESCSLSSEQHDITIDLSPLAQYGGSPYVSDGREYTFFINVCGDTKVSLCNNKEAAVCQEKKADSTQVKIAGRHQNQTLRYSDGDLTLIYSGGDECSSGFQRMSVINFECNKTAGKDGRGEPVFTGEVDCTYFFTWDTKYACIKEKEDLLCGAINGKKRYDLSVLARHSESEQNWEAVDGSQAESEKYFFINVCHRVLQEGKARNCPEDAAVCAVDKNGSKNLGKFVSSPTKEKGHIQLSYTDGDDCGSDKKISTNITLVCKPGDLESAPVLRAARSDGCFYEFEWHTAAACVLSKTEGENCTVLDAQAGFSFDLSLLTKKNGAYKVETEKYDFYINVCGPVSMDPCQSNSGACQVAKSGKSWNLGLSSTKLTYYDGMIQLSYRNGTPYNNEKHTPRATLITFLCDRDAGVGFPEYQEEDNSTYNFRWYTSYACPEEPLECMVTDPSMMEQYDLSSLVKSEGGSGGNWYAMENSREHVTRRKYYLNVCRPLNPVPGCDRYASACQMKYENHEGSLAETVSISNLGVAKIGPVVEESGSLLLEYVNGSACTTSDGQLTTYSTRIHLVCGRGFMNSHPIFTFNWECVVSFLWNTEAACPIQTITETDQACSIRDPSSGFVFNLSPLNDSAQGHVVLGIGKTFVFNICGAMPACGTVAGKPAYGCEAETQIEDIKDLRPQRPVGMERSLQLSAEGFLTLTYKGSSPSDRGTAFIIRFICNDDIYPGAPKFLHQDIDSTRGIRNTYFEFETALACTPSLVDCQVTDPAGNEYDLSALSMVRKPWTAVDTSAYGKRRHFYLSVCNPLPYIPGCHGIALGSCMVSEDNSFNLGVVQISPQATGNGSLSILYVNGDRCGDQRFSTRIVFECAQTSGSPMFQFVNNCEYVFVWRTVEACPVIREEGDNCQVKDPRHGNLYDLKPLGLNDTIVSVGEYTYYLRVCGKLSSDVCSAHDGSKAVSSCQEKKGPQGFQKVAGLLSQKLTFENGLLKMNYTGGDTCHKVYQRSTTIYFYCDRTTQKPVFLKETSDCSYMFEWRTQYACPPFNVTECSVQDAAGNSIDLSSLSRYSDNWEAVTRTGATEHYLINVCKSLSPHAGTEPCPPEAAVCLLNGSKPVNLGKVRDGPQWTDGVTVLQYVDGDLCPDKIRRRSTIIRFTCSDNQVNSRPLFISAVQDCEYTFSWPTPSACPVKSNTHDDCQVTNPSTGHLFDLSSLSGRAGINASYSEKGLVFMSICEENENCGPGVGACFGQTRISVGKASKRLSYKDQVLQLVYENGSPCPSLSDLRYKSVISFVCRPEAGPTNRPMLISLDKQTCTLFFSWHTPLACEQATECTVRNGSSIIDLSPLIHRTGGYEAYDESEDDTSDTTPDFYINICQPLNPMHGVPCPAGASVCKVPVDGPPIDIGRVTGPPIFNPVANEVYLNFESSTHCLADRYMNYTSLITFHCKRGVSMGTPKLIRTNDCDFVFEWETPIVCPDEVKTQGCAVTDEQLLYSFNLTSLSTSTFKVTRDARTYSIGVCTAAAGLGQEGCKDGGVCLLSGNKGASFGRLASMQLDYRHQDEAVILSYVNGDPCPPETDDGEPCVFPFIYKGKSYDECVLEGRAKLWCSKTANYDRDHEWGFCRQTNSYRMSAIIFTCDESEDIGRPQVFSEDRGCEVTFEWKTKVVCPPKKMECKFVQKHKTYDLRLLSSLTGSWDFVHEGNSYFINLCQRVYKGPLDCSERASICKKSATGQVQVLGLVHTQKLEVIDETVIVTYSKGYPCGGNKTASSVIELTCAKTVGRPAFKRFDSVSCTYYFYWYSRAACAVRPQEVTMVNGTLTNPVTGKSFSLGEIYFKLFSASGDMRTNGDNYLYEIQLSSITSSSYPACAGANICQVKPNDQHFSRKVGTSDMTKYYVQDGDLDVVFTSSSKCGKDKTKSVSSTIFFHCDPLVKDGIPEFSHETADCQYLFSWYTSAVCPLGVDFEDESAGPEYKGLSERSQAVGAVLSLLLVALTGCLLALLLHKKERRETVINKLTSCCRRSSGVSYKYSKVSKEEETDENETEWLMEEIQVPAPRLGKDGQENGHITTKAVKAEALSSLHGDDQDSEDEVLTVPEVKVHSGRGAEVESSQPLRNPQRKVLKEREGERLGLVRGEKARKGKFRPGQRKPTAPAKLVSFHDDSDEDLLHI"
"P22897","MRC1_HUMAN",1456,"MRLPLLLVFASVIPGAVLLLDTRQFLIYNEDHKRCVDAVSPSAVQTAACNQDAESQKFRWVSESQIMSVAFKLCLGVPSKTDWVAITLYACDSKSEFQKWECKNDTLLGIKGEDLFFNYGNRQEKNIMLYKGSGLWSRWKIYGTTDNLCSRGYEAMYTLLGNANGATCAFPFKFENKWYADCTSAGRSDGWLWCGTTTDYDTDKLFGYCPLKFEGSESLWNKDPLTSVSYQINSKSALTWHQARKSCQQQNAELLSITEIHEQTYLTGLTSSLTSGLWIGLNSLSFNSGWQWSDRSPFRYLNWLPGSPSAEPGKSCVSLNPGKNAKWENLECVQKLGYICKKGNTTLNSFVIPSESDVPTHCPSQWWPYAGHCYKIHRDEKKIQRDALTTCRKEGGDLTSIHTIEELDFIISQLGYEPNDELWIGLNDIKIQMYFEWSDGTPVTFTKWLRGEPSHENNRQEDCVVMKGKDGYWADRGCEWPLGYICKMKSRSQGPEIVEVEKGCRKGWKKHHFYCYMIGHTLSTFAEANQTCNNENAYLTTIEDRYEQAFLTSFVGLRPEKYFWTGLSDIQTKGTFQWTIEEEVRFTHWNSDMPGRKPGCVAMRTGIAGGLWDVLKCDEKAKFVCKHWAEGVTHPPKPTTTPEPKCPEDWGASSRTSLCFKLYAKGKHEKKTWFESRDFCRALGGDLASINNKEEQQTIWRLITASGSYHKLFWLGLTYGSPSEGFTWSDGSPVSYENWAYGEPNNYQNVEYCGELKGDPTMSWNDINCEHLNNWICQIQKGQTPKPEPTPAPQDNPPVTEDGWVIYKDYQYYFSKEKETMDNARAFCKRNFGDLVSIQSESEKKFLWKYVNRNDAQSAYFIGLLISLDKKFAWMDGSKVDYVSWATGEPNFANEDENCVTMYSNSGFWNDINCGYPNAFICQRHNSSINATTVMPTMPSVPSGCKEGWNFYSNKCFKIFGFMEEERKNWQEARKACIGFGGNLVSIQNEKEQAFLTYHMKDSTFSAWTGLNDVNSEHTFLWTDGRGVHYTNWGKGYPGGRRSSLSYEDADCVVIIGGASNEAGKWMDDTCDSKRGYICQTRSDPSLTNPPATIQTDGFVKYGKSSYSLMRQKFQWHEAETYCKLHNSLIASILDPYSNAFAWLQMETSNERVWIALNSNLTDNQYTWTDKWRVRYTNWAADEPKLKSACVYLDLDGYWKTAHCNESFYFLCKRSDEIPATEPPQLPGRCPESDHTAWIPFHGHCYYIESSYTRNWGQASLECLRMGSSLVSIESAAESSFLSYRVEPLKSKTNFWIGLFRNVEGTWLWINNSPVSFVNWNTGDPSGERNDCVALHASSGFWSNIHCSSYKGYICKRPKIIDAKPTHELLTTKADTRKMDPSKPSSNVAGVVIIVILLILTGAGLAAYFFYKKRRVHLPQEGAFENTLYFNSQSSPGTSDMKDLVGNIEQNEHSVI"
"Q9UBG0","MRC2_HUMAN",1479,"MGPGRPAPAPWPRHLLRCVLLLGCLHLGRPGAPGDAALPEPNVFLIFSHGLQGCLEAQGGQVRVTPACNTSLPAQRWKWVSRNRLFNLGTMQCLGTGWPGTNTTASLGMYECDREALNLRWHCRTLGDQLSLLLGARTSNISKPGTLERGDQTRSGQWRIYGSEEDLCALPYHEVYTIQGNSHGKPCTIPFKYDNQWFHGCTSTGREDGHLWCATTQDYGKDERWGFCPIKSNDCETFWDKDQLTDSCYQFNFQSTLSWREAWASCEQQGADLLSITEIHEQTYINGLLTGYSSTLWIGLNDLDTSGGWQWSDNSPLKYLNWESDQPDNPSEENCGVIRTESSGGWQNRDCSIALPYVCKKKPNATAEPTPPDRWANVKVECEPSWQPFQGHCYRLQAEKRSWQESKKACLRGGGDLVSIHSMAELEFITKQIKQEVEELWIGLNDLKLQMNFEWSDGSLVSFTHWHPFEPNNFRDSLEDCVTIWGPEGRWNDSPCNQSLPSICKKAGQLSQGAAEEDHGCRKGWTWHSPSCYWLGEDQVTYSEARRLCTDHGSQLVTITNRFEQAFVSSLIYNWEGEYFWTALQDLNSTGSFFWLSGDEVMYTHWNRDQPGYSRGGCVALATGSAMGLWEVKNCTSFRARYICRQSLGTPVTPELPGPDPTPSLTGSCPQGWASDTKLRYCYKVFSSERLQDKKSWVQAQGACQELGAQLLSLASYEEEHFVANMLNKIFGESEPEIHEQHWFWIGLNRRDPRGGQSWRWSDGVGFSYHNFDRSRHDDDDIRGCAVLDLASLQWVAMQCDTQLDWICKIPRGTDVREPDDSPQGRREWLRFQEAEYKFFEHHSTWAQAQRICTWFQAELTSVHSQAELDFLSHNLQKFSRAQEQHWWIGLHTSESDGRFRWTDGSIINFISWAPGKPRPVGKDKKCVYMTASREDWGDQRCLTALPYICKRSNVTKETQPPDLPTTALGGCPSDWIQFLNKCFQVQGQEPQSRVKWSEAQFSCEQQEAQLVTITNPLEQAFITASLPNVTFDLWIGLHASQRDFQWVEQEPLMYANWAPGEPSGPSPAPSGNKPTSCAVVLHSPSAHFTGRWDDRSCTEETHGFICQKGTDPSLSPSPAALPPAPGTELSYLNGTFRLLQKPLRWHDALLLCESRNASLAYVPDPYTQAFLTQAARGLRTPLWIGLAGEEGSRRYSWVSEEPLNYVGWQDGEPQQPGGCTYVDVDGAWRTTSCDTKLQGAVCGVSSGPPPPRRISYHGSCPQGLADSAWIPFREHCYSFHMELLLGHKEARQRCQRAGGAVLSILDEMENVFVWEHLQSYEGQSRGAWLGMNFNPKGGTLVWQDNTAVNYSNWGPPGLGPSMLSHNSCYWIQSNSGLWRPGACTNITMGVVCKLPRAEQSSFSPSALPENPAALVVVLMAVLLLLALLTAALILYRRRQSIERGAFEGARYSRSSSSPTEATEKNILVSDMEMNEQQE"
"Q64449","MRC2_MOUSE",1479,"MVPIRPALAPWPRHLLRCVLLLGGLRLGHPADSAAALLEPDVFLIFSQGMQGCLEAQGVQVRVTPVCNASLPAQRWKWVSRNRLFNLGATQCLGTGWPVTNTTVSLGMYECDREALSLRWQCRTLGDQLSLLLGARASNASKPGTLERGDQTRSGHWNIYGSEEDLCARPYYEVYTIQGNSHGKPCTIPFKYDNQWFHGCTSTGREDGHLWCATTQDYGKDERWGFCPIKSNDCETFWDKDQLTDSCYQFNFQSTLSWREAWASCEQQGADLLSITEIHEQTYINGLLTGYSSTLWIGLNDLDTSGGWQWSDNSPLKYLNWESDQPDNPGEENCGVIRTESSGGWQNHDCSIALPYVCKKKPNATVEPIQPDRWTNVKVECDPSWQPFQGHCYRLQAEKRSWQESKRACLRGGGDLLSIHSMAELEFITKQIKQEVEELWIGLNDLKLQMNFEWSDGSLVSFTHWHPFEPNNFRDSLEDCVTIWGPEGRWNDSPCNQSLPSICKKAGRLSQGAAEEDHGCRKGWTWHSPSCYWLGEDQVIYSDARRLCTDHGSQLVTITNRFEQAFVSSLIYNWEGEYFWTALQDLNSTGSFRWLSGDEVIYTHWNRDQPGYRRGGCVALATGSAMGLWEVKNCTSFRARYICRQSLGTPVTPELPGPDPTPSLTGSCPQGWVSDPKLRHCYKVFSSERLQEKKSWIQALGVCRELGAQLLSLASYEEEHFVAHMLNKIFGESEPESHEQHWFWIGLNRRDPREGHSWRWSDGLGFSYHNFARSRHDDDDIRGCAVLDLASLQWVPMQCQTQLDWICKIPRGVDVREPDIGRQGRLEWVRFQEAEYKFFEHHSSWAQAQRICTWFQADLTSVHSQAELDFLGQNLQKLSSDQEQHWWIGLHTLESDGRFRWTDGSIINFISWAPGKPRPIGKDKKCVYMTARQEDWGDQRCHTALPYICKRSNSSGETQPQDLPPSALGGCPSGWNQFLNKCFRIQGQDPQDRVKWSEAQFSCEQQEAQLVTIANPLEQAFITASLPNVTFDLWIGLHASQRDFQWIEQEPLLYTNWAPGEPSGPSPAPSGTKPTSCAVILHSPSAHFTGRWDDRSCTEETHGFICQKGTDPSLSPSPAATPPAPGAELSYLNHTFRLLQKPLRWKDALLLCESRNASLAHVPDPYTQAFLTQAARGLQTPLWIGLASEEGSRRYSWLSEEPLNYVSWQDEEPQHSGGCAYVDVDGTWRTTSCDTKLQGAVCGVSRGPPPRRINYRGSCPQGLADSSWIPFREHCYSFHMEVLLGHKEALQRCQKAGGTVLSILDEMENVFVWEHLQTAEAQSRGAWLGMNFNPKGGTLVWQDNTAVNYSNWGPPGLGPSMLSHNSCYWIQSSSGLWRPGACTNITMGVVCKLPRVEENSFLPSAALPESPVALVVVLTAVLLLLALMTAALILYRRRQSAERGSFEGARYSRSSHSGPAEATEKNILVSDMEMNEQQE"
"Q62028","PLA2R_MOUSE",1487,"MVQWLAMLQLLWLQQLLLLGIHQGIAQDLTHIQEPSLEWRDKGIFIIQSESLKTCIQAGKSVLTLENCKQPNEHMLWKWVSDDHLFNVGGSGCLGLNISALEQPLKLYECDSTLISLRWHCDRKMIEGPLQYKVQVKSDNTVVARKQIHRWIAYTSSGGDICEHPSRDLYTLKGNAHGMPCVFPFQFKGHWHHDCIREGQKEHLLWCATTSRYEEDEKWGFCPDPTSMKVFCDATWQRNGSSRICYQFNLLSSLSWNQAHSSCLMQGGALLSIADEDEEDFIRKHLSKVVKEVWIGLNQLDEKAGWQWSDGTPLSYLNWSQEITPGPFVEHHCGTLEVVSAAWRSRDCESTLPYICKRDLNHTAQGILEKDSWKYHATHCDPDWTPFNRKCYKLKKDRKSWLGALHSCQSNDSVLMDVASLAEVEFLVSLLRDENASETWIGLSSNKIPVSFEWSSGSSVIFTNWYPLEPRILPNRRQLCVSAEESDGRWKVKDCKERLFYICKKAGQVPADEQSGCPAGWERHGRFCYKIDTVLRSFEEASSGYYCSPALLTITSRFEQAFITSLISSVAEKDSYFWIALQDQNNTGEYTWKTVGQREPVQYTYWNTRQPSNRGGCVVVRGGSSLGRWEVKDCSDFKAMSLCKTPVKIWEKTELEERWPFHPCYMDWESATGLASCFKVFHSEKVLMKRSWREAEAFCEEFGAHLASFAHIEEENFVNELLHSKFNWTQERQFWIGFNRRNPLNAGSWAWSDGSPVVSSFLDNAYFEEDAKNCAVYKANKTLLPSNCASKHEWICRIPRDVRPKFPDWYQYDAPWLFYQNAEYLFHTHPAEWATFEFVCGWLRSDFLTIYSAQEQEFIHSKIKGLTKYGVKWWIGLEEGGARDQIQWSNGSPVIFQNWDKGREERVDSQRKRCVFISSITGLWGTENCSVPLPSICKRVKIWVIEKEKPPTQPGTCPKGWLYFNYKCFLVTIPKDPRELKTWTGAQEFCVAKGGTLVSIKSELEQAFITMNLFGQTTNVWIGLQSTNHEKWVNGKPLVYSNWSPSDIINIPSYNTTEFQKHIPLCALMSSNPNFHFTGKWYFDDCGKEGYGFVCEKMQDTLEHHVNVSDTSAIPSTLEYGNRTYKIIRGNMTWYAAGKSCRMHRAELASIPDAFHQAFLTVLLSRLGHTHWIGLSTTDNGQTFDWSDGTKSPFTYWKDEESAFLGDCAFADTNGRWHSTACESFLQGAICHVVTETKAFEHPGLCSETSVPWIKFKGNCYSFSTVLDSRSFEDAHEFCKSEGSNLLAIRDAAENSFLLEELLAFGSSVQMVWLNAQFDNNNKTLRWFDGTPTEQSNWGLRKPDMDHLKPHPCVVLRIPEGIWHFTPCEDKKGFICKMEAGIPAVTAQPEKGLSHSIVPVTVTLTLIIALGIFMLCFWIYKQKSDIFQRLTGSRGSYYPTLNFSTAHLEENILISDLEKNTNDEEVRDAPATESKRGHKGRPICISP"
"Q9UBV2","SE1L1_HUMAN",794,"MRVRIGLTLLLCAVLLSLASASSDEEGSQDESLDSKTTLTSDESVKDHTTAGRVVAGQIFLDSEESELESSIQEEEDSLKSQEGESVTEDISFLESPNPENKDYEEPKKVRKPALTAIEGTAHGEPCHFPFLFLDKEYDECTSDGREDGRLWCATTYDYKADEKWGFCETEEEAAKRRQMQEAEMMYQTGMKILNGSNKKSQKREAYRYLQKAASMNHTKALERVSYALLFGDYLPQNIQAAREMFEKLTEEGSPKGQTALGFLYASGLGVNSSQAKALVYYTFGALGGNLIAHMVLGYRYWAGIGVLQSCESALTHYRLVANHVASDISLTGGSVVQRIRLPDEVENPGMNSGMLEEDLIQYYQFLAEKGDVQAQVGLGQLHLHGGRGVEQNHQRAFDYFNLAANAGNSHAMAFLGKMYSEGSDIVPQSNETALHYFKKAADMGNPVGQSGLGMAYLYGRGVQVNYDLALKYFQKAAEQGWVDGQLQLGSMYYNGIGVKRDYKQALKYFNLASQGGHILAFYNLAQMHASGTGVMRSCHTAVELFKNVCERGRWSERLMTAYNSYKDGDYNAAVIQYLLLAEQGYEVAQSNAAFILDQREASIVGENETYPRALLHWNRAASQGYTVARIKLGDYHFYGFGTDVDYETAFIHYRLASEQQHSAQAMFNLGYMHEKGLGIKQDIHLAKRFYDMAAEASPDAQVPVFLALCKLGVVYFLQYIRETNIRDMFTQLDMDQLLGPEWDLYLMTIIALLLGTVIAYRQRQHQDMPAPRPPGPRPAPPQQEGPPEQQPPQ"
"Q96BH3","ESPB1_HUMAN",223,"MTRWSSYLLGWTTFLLYSYESSGGMHEECVFPFTYKGSVYFTCTHIHSLSPWCATRAVYNGQWKYCQSEDYPRCIFPFIYRGKAYNSCISQGSFLGSLWCSVTSVFDEKQQWKFCETNEYGGNSLRKPCIFPSIYRNNVVSDCMEDESNKLWCPTTENMDKDGKWSFCADTRISALVPGFPCHFPFNYKNKNYFNCTNEGSKENLVWCATSYNYDQDHTWVYC"
"P07589","FINC_BOVIN",2478,"MLGGPGPGLLLLLAVLSLGTAVPSAGASKSRRQAQQIVQPQSPLTVSQSKPGCYDNGKHYQINQQWERTYLGSALVCTCYGGSRGFNCESKPEPEETCFDKYTGNTYRVGDTYERPKDSMIWDCTCIGAGRGRISCTIANRCHEGGQSYKIGDTWRRPHETGGYMLECVCLGNGKGEWTCKPIAEKCFDQAAGTSYVVGETWEKPYQGWMMVDCTCLGEGSGRITCTSRNRCNDQDTRTSYRIGDTWSKKDNRGNLLQCICTGNGRGEWKCERHTSLQTTSAGSGSFTDVRTAIYQPQPHPQPPPYGHCVTDSGVVYSVGMQWLKTQGNKQMLCTCLGNGVSCQETAVTQTYGGNSNGEPCVLPFTYNGKTFYSCTTEGRQDGHLWCSTTSNYEQDQKYSFCTDHTVLVQTRGGNSNGALCHFPFLYNNHNYTDCTSEGRRDNMKWCGTTQNYDADQKFGFCPMAAHEEICTTNEGVMYRIGDQWDKQHDMGHMMRCTCVGNGRGEWTCVAYSQLRDQCIVDGITYNVNDTFHKRHEEGHMLNCTCFGQGRGRWKCDPVDQCQDSETRTFYQIGDSWEKYLQGVRYQCYCYGRGIGEWACQPLQTYPDTSGPVQVIITETPSQPNSHPIQWSAPESSHISKYILRWKPKNSPDRWKEATIPGHLNSYTIKGLRPGVVYEGQLISVQHYGQREVTRFDFTTTSTSPAVTSNTVTGETTPLSPVVATSESVTEITASSFVVSWVSASDTVSGFRVEYELSEEGDEPQYLDLPSTATSVNIPDLLPGRKYTVNVYEISEEGEQNLILSTSQTTAPDAPPDPTVDQVDDTSIVVRWSRPRAPITGYRIVYSPSVEGSSTELNLPETANSVTLSDLQPGVQYNITIYAVEENQESTPVFIQQETTGVPRSDKVPPPRDLQFVEVTDVKITIMWTPPESPVTGYRVDVIPVNLPGEHGQRLPVSRNTFAEVTGLSPGVTYHFKVFAVNQGRESKPLTAQQATKLDAPTNLQFINETDTTVIVTWTPPRARIVGYRLTVGLTRGGQPKQYNVGPAASQYPLRNLQPGSEYAVSLVAVKGNQQSPRVTGVFTTLQPLGSIPHYNTEVTETTIVITWTPAPRIGFKLGVRPSQGGEAPREVTSESGSIVVSGLTPGVEYVYTISVLRDGQERDAPIVKKVVTPLSPPTNLHLEANPDTGVLTVSWERSTTPDITGYRITTTPTNGQQGYSLEEVVHADQSSCTFENLSPGLEYNVSVYTVKDDKESVPISDTIIPEVPQLTDLSFVDITDSSIGLRWTPLNSSTIIGYRITVVAAGEGIPIFEDFVDSSVGYYTVTGLEPGIDYDISVITLINGGESAPTTLTQQTAVPPPTDLRFTNVGPDTMRVTWAPPSSIELTNLLVRYSPVKNEEDVAELSISPSDNAVVLTNLLPGTEYLVSVSSVYEQHESIPLRGRQKTALDSPSGIDFSDITANSFTVHWIAPRATITGYRIRHHPENMGGRPREDRVPPSRNSITLTNLNPGTEYVVSIVALNSKEESLPLVGQQSTVSDVPRDLEVIAATPTSLLISWDAPAVTVRYYRITYGETGGSSPVQEFTVPGSKSTATISGLKPGVDYTITVYAVTGRGDSPASSKPVSINYRTEIDKPSQMQVTDVQDNSISVRWLPSSSPVTGYRVTTAPKNGPGPSKTKTVGPDQTEMTIEGLQPTVEYVVSVYAQNQNGESQPLVQTAVTNIDRPKGLAFTDVDVDSIKIAWESPQGQVSRYRVTYSSPEDGIHELFPAPDGEEETAELQGLRPGSEYTVSVVALHDDMESQPLIGTQSTTIPAPTNLKFTQVTPTSLTAQWTAPNVQLTGYRVRVTPKEKTGPMKEINLAPDSSSVVVSGLMVATKYEVSVYALKDTLTSRPAQGVVTTLENVSPPRRARVTDATETTITISWRTKTETITGFQVDAIPANGQTPIQRTIRPDVRSYTITGLQPGTDYKIHLYTLNDNARSSPVVIDASTAIDAPSNLRFLATTPNSLLVSWQPPRARITGYIIKYEKPGSPPREVVPRPRPGVTEATITGLEPGTEYTIQVIALKNNQKSEPLIGRKKTDELPQLVTLPHPNLHGPEILDVPSTVQKTPFITNPGYDTGNGIQLPGTSGQQPSLGQQMIFEEHGFRRTTPPTTATPVRHRPRPYPPNVNEEIQIGHVPRGDVDHHLYPHVVGLNPNASTGQEALSQTTISWTPFQESSEYIISCHPVGIDEEPLQFRVPGTSASATLTGLTRGATYNIIVEAVKDQQRQKVREEVVTVGNSVDQGLSQPTDDSCFDPYTVSHYAIGEEWERLSDSGFKLSCQCLGFGSGHFRCDSSKWCHDNGVNYKIGEKWDRQGENGQMMSCTCLGNGKGEFKCDPHEATCYDDGKTYHVGEQWQKEYLGAICSCTCFGGQRGWRCDNCRRPGAEPGNEGSTAHSYNQYSQRYHQRTNTNVNCPIECFMPLDVQADREDSRE"
"P04937","FINC_RAT",2477,"MLRGPGPGRLLLLAVLCLGTSVRCTETGKSKRQAQQIVQPPSPVAVSQSKPGCFDNGKHYQINQQWERTYLGNALVCTCYGGSRGFNCESKPEPEETCFDKYTGNTYKVGDTYERPKDSMIWDCTCIGAGRGRISCTIANRCHEGGQSYKIGDKWRRPHETGGYMLECLCLGNGKGEWTCKPIAEKCFDHAAGTSYVVGETWEKPYQGWMMVDCTCLGEGNGRITCTSRNRCNDQDTRTSYRIGDTWSKKDNRGNLLQCVCTGNGRGEWKCERHVLQSASAGSGSFTDVRTAIYQPQTHPQPAPYGHCVTDSGVVYSVGMQWLKSQGDKQMLCTCLGNGVSCQETAVTQTYGGNSNGEPCVLPFHYNGRTFYSCTTEGRQDGHLWCSTTSNYEQDQKYSFCTDHAVLVQTRGGNSNGALCHFPFLYSNRNYSDCTSEGRRDNMKWCGTTQNYDADQKFGFCPMAAHEEICTTNEGVMYRIGDQWDKQHDLGHMMRCTCVGNGRGQWACIPYSQLRDQCIVDDITYNVNDTFHKRHEEGHMLNCTCFGQGRGRWKCDPIDRCQDSETRTFYQIGDSWEKFVHGVRYQCYCYGRGIGEWHCQPLQTYPGTTGPVQVIITETPSQPNSHPIQWNAPEPSHITKYILRWRPKTSTGRWKEATIPGHLNSYTIKGLTPGVIYEGQLISIQQYGHQEVTRFDFTTSASTPVTSNTVTGETAPFSPVVATSESVTEITASSFVVSWVSASDTVSGFRVEYELSEEGDEPQYLDLPSTATSVNIPDLLPGRKYIVNVYQISEEGKQSLILSTSQTTAPDAPPDPTVDQVDDTSIVVRWSRPQAPITGYRIVYSPSVEGSSTELNLPETANSVTLSDLQPGVQYNITIYAVEENQESTPVFIQQETTGVPRSDDVPAPKDLQFVEVTDVKVTIMWTPPNSAVTGYRVDVLPVNLPGEHGQRLPVNRNTFAEVTGLSPGVTYLFKVFAVHQGRESKPLTAQQTTKLDAPTNLQFVNETDRTVLVTWTPPRARIAGYRLTVGLTRGGQPKQYNVGPMASKYPLRNLQPGSEYTVTLMAVKGNQQSPKATGVFTTLQPLRSIPPYNTEVTETTIVITWTPAPRIGFKLGVRPSQGGEAPREVTSDSGSIVVSGLTPGVEYTYTIQVLRDGQERDAPIVNRVVTPLSPPTNLHLEANPDTGVLTVSWERSTTPDITGYRITTTPTNGQQGTALEEVVHADQSSCTFENRNPGLEYNVSVYTVKDDKESAPISDTVIPEVPQLTDLSFVDITDSSIGLRWTPLNSSTIIGYRITVVAAGEGIPIFEDFVDSSVGYYTVTGLEPGIDYDISVITLINGGESAPTTLTQQTAVPPPTDLRFTNIGPDTMRVTWAPPPSIELTNLLVRYSPVKNEEDVAELSISPSDNAVVLTNLLPGTEYLVSVSSVYEQHESIPLRGRQKTGLDSPTGFDSSDVTANSFTVHWVAPRAPITGYIIRHHAEHSAGRPRQDRVPPSRNSITLTNLNPGTEYIVTIIAVNGREESPPLIGQQSTVSDVPRDLEVIASTPTSLLISWEPPAVSVRYYRITYGETGGNSPVQEFTVPGSKSTATINNIKPGADYTITLYAVTGRGDSPASSKPVSINYQTEIDKPSQMQVTDVQDNSISVRWLPSTSPVTGYRVTTAPKNGLGPTKSQTVSPDQTEMTIEGLQPTVEYVVSVYAQNRNGESQPLVQTAVTNIDRPKGLAFTDVDVDSIKIAWESPQGQVSRYRVTYSSPEDGIHELFPAPDGDEDTAELHGLRPGSEYTVSVVALHGGMESQPLIGVQSTAIPAPTNLKFTQVSPTTLTAQWTAPSVKLTGYRVRVTPKEKTGPMKEINLSPDSTSVIVSGLMVATKYEVSVYALKDTLTSRPAQGVVTTLENVSPPRRARVTDATETTITISWRTKTETITGFQVDAIPANGQTPVQRTISPDVRSYTITGLQPGTDYKIHLYTLNDNARSSPVVIDASTAIDAPSNLRFLTTTPNSLLVSWQAPRARITGYIIKYEKPGSPPREVVPRPRPGVTEATITGLEPGTEYTIYVIALKNNQKSEPLIGRKKTDELPQLVTLPHPNLHGPEILDVPSTVQKTPFVTNPGYDTENGIQLPGTSHQQPSVGQQMIFEEHGFRRTTPPTAATPVRLRPRPYLPNVDEEVQIGHVPRGDVDYHLYPHVPGLNPNASTGQEALSQTTISWTPFQESSEYIISCQPVGTDEEPLQFQVPGTSTSATLTGLTRGVTYNIIVEALHNQRRHKVREEVVTVGNTVNEGLNQPTDDSCFDPYTVSHYAVGEEWERLSDSGFKLTCQCLGFGSGHFRCDSSKWCHDNGVNYKIGEKWDRQGENGQRMSCTCLGNGKGEFKCDPHEATCYDDGKTYHVGEQWQKEYLGAICSCTCFGGQRGWRCDNCRRPGAAEPSPDGTTGHTYNQYTQRYHQRTNTNVNCPIECFMPLDVQADRDDSRE"
"Q04756","HGFA_HUMAN",655,"MGRWAWVPSPWPPPGLGPFLLLLLLLLLLPRGFQPQPGGNRTESPEPNATATPAIPTILVTSVTSETPATSAPEAEGPQSGGLPPPPRAVPSSSSPQAQALTEDGRPCRFPFRYGGRMLHACTSEGSAHRKWCATTHNYDRDRAWGYCVEATPPPGGPAALDPCASGPCLNGGSCSNTQDPQSYHCSCPRAFTGKDCGTEKCFDETRYEYLEGGDRWARVRQGHVEQCECFGGRTWCEGTRHTACLSSPCLNGGTCHLIVATGTTVCACPPGFAGRLCNIEPDERCFLGNGTGYRGVASTSASGLSCLAWNSDLLYQELHVDSVGAAALLGLGPHAYCRNPDNDERPWCYVVKDSALSWEYCRLEACESLTRVQLSPDLLATLPEPASPGRQACGRRHKKRTFLRPRIIGGSSSLPGSHPWLAAIYIGDSFCAGSLVHTCWVVSAAHCFSHSPPRDSVSVVLGQHFFNRTTDVTQTFGIEKYIPYTLYSVFNPSDHDLVLIRLKKKGDRCATRSQFVQPICLPEPGSTFPAGHKCQIAGWGHLDENVSGYSSSLREALVPLVADHKCSSPEVYGADISPNMLCAGYFDCKSDACQGDSGGPLACEKNGVAYLYGIISWGDGCGRLHKPGVYTRVANYVDWINDRIRPPRRLVAPS"
"Q9R098","HGFA_MOUSE",653,"MGRQAWISSLCPLPRPCPFLLLLLLLVVPRGAQPQAGRNHTEPPGPNVTATPVTPTIPVISGNVSTSTESAPAAETEGPQSERYPPPSSSSPPGGQVLTESGQPCRFPFRYGGRMLHSCTSEGSAYRKWCATTHNYDRDRAWGYCAEVTLPVEGPAILDPCASGPCLNGGTCSSTHDHGSYHCSCPLAFTGKDCGTEKCFDETRYEYFEVGDHWARVSEGHVEQCGCMEGQARCEDTHHTACLSSPCLNGGTCHLIVGTGTSVCTCPLGYAGRFCNIVPTEHCFLGNGTEYRGVASTAASGLSCLAWNSDLLYQELHVDSVAAAVLLGLGPHAYCRNPDKDERPWCYVVKDNALSWEYCRLTACESLARVHSQTPEILAALPESAPAVRPTCGKRHKKRTFLRPRIIGGSSSLPGSHPWLAAIYIGNSFCAGSLVHTCWVVSAAHCFANSPPRDSITVVLGQHFFNRTTDVTQTFGIEKYVPYTLYSVFNPNNHDLVLIRLKKKGERCAVRSQFVQPICLPEAGSSFPTGHKCQIAGWGHMDENVSSYSNSLLEALVPLVADHKCSSPEVYGADISPNMLCAGYFDCKSDACQGDSGGPLVCEKNGVAYLYGIISWGDGCGRLNKPGVYTRVANYVDWINDRIRPPKRPVATS"
"Q60767","LY75_MOUSE",1723,"MRTGRVTPGLAAGLLLLLLRSFGLVEPSESSGNDPFTIVHENTGKCIQPLSDWVVAQDCSGTNNMLWKWVSQHRLFHLESQKCLGLDITKATDNLRMFSCDSTVMLWWKCEHHSLYTAAQYRLALKDGYAVANTNTSDVWKKGGSEENLCAQPYHEIYTRDGNSYGRPCEFPFLIGETWYHDCIHDEDHSGPWCATTLSYEYDQKWGICLLPESGCEGNWEKNEQIGSCYQFNNQEILSWKEAYVSCQNQGADLLSIHSAAELAYITGKEDIARLVWLGLNQLYSARGWEWSDFRPLKFLNWDPGTPVAPVIGGSSCARMDTESGLWQSVSCESQQPYVCKKPLNNTLELPDVWTYTDTHCHVGWLPNNGFCYLLANESSSWDAAHLKCKAFGADLISMHSLADVEVVVTKLHNGDVKKEIWTGLKNTNSPALFQWSDGTEVTLTYWNENEPSVPFNKTPNCVSYLGKLGQWKVQSCEKKLRYVCKKKGEITKDAESDKLCPPDEGWKRHGETCYKIYEKEAPFGTNCNLTITSRFEQEFLNYMMKNYDKSLRKYFWTGLRDPDSRGEYSWAVAQGVKQAVTFSNWNFLEPASPGGCVAMSTGKTLGKWEVKNCRSFRALSICKKVSEPQEPEEAAPKPDDPCPEGWHTFPSSLSCYKVFHIERIVRKRNWEEAERFCQALGAHLPSFSRREEIKDFVHLLKDQFSGQRWLWIGLNKRSPDLQGSWQWSDRTPVSAVMMEPEFQQDFDIRDCAAIKVLDVPWRRVWHLYEDKDYAYWKPFACDAKLEWVCQIPKGSTPQMPDWYNPERTGIHGPPVIIEGSEYWFVADPHLNYEEAVLYCASNHSFLATITSFTGLKAIKNKLANISGEEQKWWVKTSENPIDRYFLGSRRRLWHHFPMTFGDECLHMSAKTWLVDLSKRADCNAKLPFICERYNVSSLEKYSPDPAAKVQCTEKWIPFQNKCFLKVNSGPVTFSQASGICHSYGGTLPSVLSRGEQDFIISLLPEMEASLWIGLRWTAYERINRWTDNRELTYSNFHPLLVGRRLSIPTNFFDDESHFHCALILNLKKSPLTGTWNFTSCSERHSLSLCQKYSETEDGQPWENTSKTVKYLNNLYKIISKPLTWHGALKECMKEKMRLVSITDPYQQAFLAVQATLRNSSFWIGLSSQDDELNFGWSDGKRLQFSNWAGSNEQLDDCVILDTDGFWKTADCDDNQPGAICYYPGNETEEEVRALDTAKCPSPVQSTPWIPFQNSCYNFMITNNRHKTVTPEEVQSTCEKLHSKAHSLSIRNEEENTFVVEQLLYFNYIASWVMLGITYENNSLMWFDKTALSYTHWRTGRPTVKNGKFLAGLSTDGFWDIQSFNVIEETLHFYQHSISACKIEMVDYEDKHNGTLPQFIPYKDGVYSVIQKKVTWYEALNACSQSGGELASVHNPNGKLFLEDIVNRDGFPLWVGLSSHDGSESSFEWSDGRAFDYVPWQSLQSPGDCVVLYPKGIWRREKCLSVKDGAICYKPTKDKKLIFHVKSSKCPVAKRDGPQWVQYGGHCYASDQVLHSFSEAKQVCQELDHSATVVTIADENENKFVSRLMRENYNITMRVWLGLSQHSLDQSWSWLDGLDVTFVKWENKTKDGDGKCSILIASNETWRKVHCSRGYARAVCKIPLSPDYTGIAILFAVLCLLGLISLAIWFLLQRSHIRWTGFSSVRYEHGTNEDEVMLPSFHD"
"O60449","LY75_HUMAN",1722,"MRTGWATPRRPAGLLMLLFWFFDLAEPSGRAANDPFTIVHGNTGKCIKPVYGWIVADDCDETEDKLWKWVSQHRLFHLHSQKCLGLDITKSVNELRMFSCDSSAMLWWKCEHHSLYGAARYRLALKDGHGTAISNASDVWKKGGSEESLCDQPYHEIYTRDGNSYGRPCEFPFLIDGTWHHDCILDEDHSGPWCATTLNYEYDRKWGICLKPENGCEDNWEKNEQFGSCYQFNTQTALSWKEAYVSCQNQGADLLSINSAAELTYLKEKEGIAKIFWIGLNQLYSARGWEWSDHKPLNFLNWDPDRPSAPTIGGSSCARMDAESGLWQSFSCEAQLPYVCRKPLNNTVELTDVWTYSDTRCDAGWLPNNGFCYLLVNESNSWDKAHAKCKAFSSDLISIHSLADVEVVVTKLHNEDIKEEVWIGLKNINIPTLFQWSDGTEVTLTYWDENEPNVPYNKTPNCVSYLGELGQWKVQSCEEKLKYVCKRKGEKLNDASSDKMCPPDEGWKRHGETCYKIYEDEVPFGTNCNLTITSRFEQEYLNDLMKKYDKSLRKYFWTGLRDVDSCGEYNWATVGGRRRAVTFSNWNFLEPASPGGCVAMSTGKSVGKWEVKDCRSFKALSICKKMSGPLGPEEASPKPDDPCPEGWQSFPASLSCYKVFHAERIVRKRNWEEAERFCQALGAHLSSFSHVDEIKEFLHFLTDQFSGQHWLWIGLNKRSPDLQGSWQWSDRTPVSTIIMPNEFQQDYDIRDCAAVKVFHRPWRRGWHFYDDREFIYLRPFACDTKLEWVCQIPKGRTPKTPDWYNPDRAGIHGPPLIIEGSEYWFVADLHLNYEEAVLYCASNHSFLATITSFVGLKAIKNKIANISGDGQKWWIRISEWPIDDHFTYSRYPWHRFPVTFGEECLYMSAKTWLIDLGKPTDCSTKLPFICEKYNVSSLEKYSPDSAAKVQCSEQWIPFQNKCFLKIKPVSLTFSQASDTCHSYGGTLPSVLSQIEQDFITSLLPDMEATLWIGLRWTAYEKINKWTDNRELTYSNFHPLLVSGRLRIPENFFEEESRYHCALILNLQKSPFTGTWNFTSCSERHFVSLCQKYSEVKSRQTLQNASETVKYLNNLYKIIPKTLTWHSAKRECLKSNMQLVSITDPYQQAFLSVQALLHNSSLWIGLFSQDDELNFGWSDGKRLHFSRWAETNGQLEDCVVLDTDGFWKTVDCNDNQPGAICYYSGNETEKEVKPVDSVKCPSPVLNTPWIPFQNCCYNFIITKNRHMATTQDEVHTKCQKLNPKSHILSIRDEKENNFVLEQLLYFNYMASWVMLGITYRNKSLMWFDKTPLSYTHWRAGRPTIKNEKFLAGLSTDGFWDIQTFKVIEEAVYFHQHSILACKIEMVDYKEEYNTTLPQFMPYEDGIYSVIQKKVTWYEALNMCSQSGGHLASVHNQNGQLFLEDIVKRDGFPLWVGLSSHDGSESSFEWSDGSTFDYIPWKGQTSPGNCVLLDPKGTWKHEKCNSVKDGAICYKPTKSKKLSRLTYSSRCPAAKENGSRWIQYKGHCYKSDQALHSFSEAKKLCSKHDHSATIVSIKDEDENKFVSRLMRENNNITMRVWLGLSQHSVDQSWSWLDGSEVTFVKWENKSKSGVGRCSMLIASNETWKKVECEHGFGRVVCKVPLGPDYTAIAIIVATLSILVLMGGLIWFLFQRHRLHLAGFSSVRYAQGVNEDEIMLPSFHD"
"P33434","MMP2_MOUSE",662,"MEARVAWGALAGPLRVLCVLCCLLGRAIAAPSPIIKFPGDVAPKTDKELAVQYLNTFYGCPKESCNLFVLKDTLKKMQKFFGLPQTGDLDQNTIETMRKPRCGNPDVANYNFFPRKPKWDKNQITYRIIGYTPDLDPETVDDAFARALKVWSDVTPLRFSRIHDGEADIMINFGRWEHGDGYPFDGKDGLLAHAFAPGTGVGGDSHFDDDELWTLGEGQVVRVKYGNADGEYCKFPFLFNGREYSSCTDTGRSDGFLWCSTTYNFEKDGKYGFCPHEALFTMGGNADGQPCKFPFRFQGTSYNSCTTEGRTDGYRWCGTTEDYDRDKKYGFCPETAMSTVGGNSEGAPCVFPFTFLGNKYESCTSAGRNDGKVWCATTTNYDDDRKWGFCPDQGYSLFLVAAHEFGHAMGLEHSQDPGALMAPIYTYTKNFRLSHDDIKGIQELYGPSPDADTDTGTGPTPTLGPVTPEICKQDIVFDGIAQIRGEIFFFKDRFIWRTVTPRDKPTGPLLVATFWPELPEKIDAVYEAPQEEKAVFFAGNEYWVYSASTLERGYPKPLTSLGLPPDVQQVDAAFNWSKNKKTYIFAGDKFWRYNEVKKKMDPGFPKLIADSWNAIPDNLDAVVDLQGGGHSYFFKGAYYLKLENQSLKSVKFGSIKSDWLGC"
"P41245","MMP9_MOUSE",730,"MSPWQPLLLALLAFGCSSAAPYQRQPTFVVFPKDLKTSNLTDTQLAEAYLYRYGYTRAAQMMGEKQSLRPALLMLQKQLSLPQTGELDSQTLKAIRTPRCGVPDVGRFQTFKGLKWDHHNITYWIQNYSEDLPRDMIDDAFARAFAVWGEVAPLTFTRVYGPEADIVIQFGVAEHGDGYPFDGKDGLLAHAFPPGAGVQGDAHFDDDELWSLGKGVVIPTYYGNSNGAPCHFPFTFEGRSYSACTTDGRNDGTPWCSTTADYDKDGKFGFCPSERLYTEHGNGEGKPCVFPFIFEGRSYSACTTKGRSDGYRWCATTANYDQDKLYGFCPTRVDATVVGGNSAGELCVFPFVFLGKQYSSCTSDGRRDGRLWCATTSNFDTDKKWGFCPDQGYSLFLVAAHEFGHALGLDHSSVPEALMYPLYSYLEGFPLNKDDIDGIQYLYGRGSKPDPRPPATTTTEPQPTAPPTMCPTIPPTAYPTVGPTVGPTGAPSPGPTSSPSPGPTGAPSPGPTAPPTAGSSEASTESLSPADNPCNVDVFDAIAEIQGALHFFKDGWYWKFLNHRGSPLQGPFLTARTWPALPATLDSAFEDPQTKRVFFFSGRQMWVYTGKTVLGPRSLDKLGLGPEVTHVSGLLPRRLGKALLFSKGRVWRFDLKSQKVDPQSVIRVDKEFSGVPWNSHDIFQYQDKAYFCHGKFFWRVSFQNEVNKVDHEVNQVDDVGYVTYDLLQCP"
"P08169","MPRI_BOVIN",2499,"MEAAAGRSSHLGPAPAGRPPRCPLLLQLQLLLLLLLLPPGWVPGAAGTQGAEFPELCSYTWEAVDTKNNMLYKINICGNMGVAQCGPSSAVCMHDLKTDSFHSVGDSLLKTASRSLLEFNTTVNCKQQNHKIQSSITFLCGKTLGTPEFVTATDCVHYFEWRTTAACKKNIFKANKEVPCYAFDRELKKHDLNPLIKTSGAYLVDDSDPDTSLFINVCRDIEVLRASSPQVRVCPTGAAACLVRGDRAFDVGRPQEGLKLVSNDRLVLSYVKEGAGQPDFCDGHSPAVTITFVCPSERREGTIPKLTAKSNCRFEIEWVTEYACHRDYLESRSCSLSSAQHDVAVDLQPLSRVEASDSLFYTSEADEYTYYLSICGGSQAPICNKKDAAVCQVKKADSTQVKVAGRPQNLTLRYSDGDLTLIYFGGEECSSGFQRMSVINFECNQTAGNNGRGAPVFTGEVDCTYFFTWDTKYACVHEKEALLCGVSDGKQRFDLSALARHSELEQNWEAVDGSQREAEKKHFFINICHRVLQTGQARGCPEDAAVCAVDKNGSKNLGRFISSPTREKGNIQLSYSDGDECGGGQKIITNITLMCKPGDLESAPVLTTSRADGCFYEFEWRTAAACVLSRTEGDNCTVFDSQAGFSFDLTPLTKKDAYKVETDKYEFHINVCGPVSVGACPPDSGACQVSRSDRKSWNLGRSNAKLSYYDGMIQLTYRDGTPYNNEKRTPRATLITFLCDRDAGVGFPEYQEEDNSTYNFRWYTSYACPEEPLECIVTDPVTLDQYDLSRLAKSEGGPGGNWYSLDNGGARSTWRKYYINVCRPLNPVPGCDRYASACQMKYQGEQGSYSETVSISNLGVAKTGPMVEDSGSLLLEYVNGSACTTSDQRRTTYTTRIHLVCSTGSLYTHPIFSLNWECVVSFLWNTAAACPIRITTDIDQVCSIKDPNSGYVFDLNPLNNSRGYVVLGIGKTFLFNVCGDMPACGTLDGKPASGCEAEVQMDDMKTLKPGRLVGLEKSLQLSTEGFITLNYTGLPSHPNGRADAFIIRFVCNDDVYPGTPKFLHQDIDSSLGIRDTFFEFETALACVPSPVDCQVTDPAGNEYDLSGLSKARKPWTAVDTFDEGKKRTFYLSVCTPLPYIPGCHGTAVGCCLVTEDSKLNLGVVQISPQVGANGSLSLVYVNGDKCKNQRFSTRINLECAHTTGSPTFQLQNDCEYVFLWRTVEACPVVRAEGDYCEVRDPRHGNLYNLIPLGLNDTVVRAGEYTYYFRVCGELTSGVCPTSDKSKVISSCQEKRGPQGFQKVAGLFNQKLTYENGVLKMNYTGGDTCHKVYQRSTTIFFYCDRSTQAPVFLQETSDCSYLFEWRTQYACPPYDLTECSFKNEAGETYDLSSLSRYSDNWEAVTGTGSTEHYLINVCKSLSPQAGSDPCPPEAAVCLLGGPKPVNLGRVRDSPQWSQGLTLLKYVDGDLCPDQIRKKSTTIRFTCSESHVNSRPMFISAVEDCEYTFSWPTAAACAVKSNVHDDCQVTNPATGHLFDLSSLSGRAGFTAAYSEKGLVYLSVCGDNENCANGVGACFGQTRISVGKASKRLTYVDQVLQLVYEGGSPCPSKTGLSYKSVISFVCRPEVGPTNRPMLISLDKRTCTLFFSWHTPLACEQTTECSVRNGSSLIDLSPLIHRTGGYEAYDESEDDGSDTSPDFYINICQPLNPMHGLACPAGTAVCKVPVDGPPIDIGRVAGPPILNPIANEVYLNFESSTPCLADRHFNYTSLITFHCKRGVSMGTPKLLRTSVCDFVFEWETPLVCPDEVKTDGCSLTDEQLYYSFNLSSLSKSTFKVTRGPHTYSVGVCTAAAGLDEGGCKDGAVCLLSGSKGASFGRLASMKLDYRHQDEAVILSYANGDTCPPETEDGEPCVFPFVFNGKSYEECVVESRARLWCATTANYDRDHEWGFCKHSTSHRTSVIIFKCDEDADVGRPQVFSEVRGCEVTFEWKTKVVCPPKKMECKFVQKHRTYDLRLLSSLTGSWSFVHNGASYYINLCQKIYKGPQDCSERASVCKKSTSGEVQVLGLVHTQKLDVVDDRVIVTYSKGHYCGDNKTASAVIELTCAKTVGRPSFTRFDVDSCTYHFSWDSRAACAVKPQEVQMVNGTITNPANGRSFSLGDIYFKRFSASGDVRTNGDRYIYEIQLSSITGSSSPACSGASICQRKANDQHFSRKVGTSNQTRYYVQDGDLDVVFTSSSKCGKDKTKSVSSTIFFHCDPLVKDGIPEFSHETADCQYLFSWHTSAVCPLGAGFDEEIAGDDAQEHKGLSERSQAVGAVLSLLLVALTACLLTLLLYKKERREMVMSRLTNCCRRSANVSYKYSKVNKEEEADENETEWLMEEIQPPAPRPGKEGQENGHVAAKSVRAADTLSALHGDEQDSEDEVLTLPEVKVRPPGRAPGAEGGPPLRPLPRKAPPPLRADDRVGLVRGEPARRGRPRAAATPISTFHDDSDEDLLHV"
"Q61830","MRC1_MOUSE",1456,"MRLLLLLAFISVIPVSVQLLDARQFLIYNEDHKRCVDALSAISVQTATCNPEAESQKFRWVSDSQIMSVAFKLCLGVPSKTDWASVTLYACDSKSEYQKWECKNDTLFGIKGTELYFNYGNRQEKNIKLYKGSGLWSRWKVYGTTDDLCSRGYEAMYSLLGNANGAVCAFPFKFENKWYADCTSAGRSDGWLWCGTTTDYDKDKLFGFCPLHFEGSERLWNKDPLTGILYQINSKSALTWHQARASCKQQNADLLSVTEIHEQMYLTGLTSSLSSGLWIGLNSLSVRSGWQWAGGSPFRYLNWLPGSPSSEPGKSCVSLNPGKNAKWENLECVQKLGYICKKGNNTLNPFIIPSASDVPTGCPNQWWPYAGHCYRIHREEKKIQKYALQACRKEGGDLASIHSIEEFDFIFSQLGYEPNDELWIGLNDIKIQMYFEWSDGTPVTFTKWLPGEPSHENNRQEDCVVMKGKDGYWADRACEQPLGYICKMVSQSHAVVPEGADKGCRKGWKRHGFYCYLIGSTLSTFTDANHTCTNEKAYLTTVEDRYEQAFLTSLVGLRPEKYFWTGLSDVQNKGTFRWTVDEQVQFTHWNADMPGRKAGCVAMKTGVAGGLWDVLSCEEKAKFVCKHWAEGVTRPPEPTTTPEPKCPENWGTTSKTSMCFKLYAKGKHEKKTWFESRDFCKAIGGELASIKSKDEQQVIWRLITSSGSYHELFWLGLTYGSPSEGFTWSDGSPVSYENWAYGEPNNYQNVEYCGELKGDPGMSWNDINCEHLNNWICQIQKGKTLLPEPTPAPQDNPPVTADGWVIYKDYQYYFSKEKETMDNARAFCKKNFGDLATIKSESEKKFLWKYINKNGGQSPYFIGMLISMDKKFIWMDGSKVDFVAWATGEPNFANDDENCVTMYTNSGFWNDINCGYPNNFICQRHNSSINATAMPTTPTTPGGCKEGWHLYKNKCFKIFGFANEEKKSWQDARQACKGLKGNLVSIENAQEQAFVTYHMRDSTFNAWTGLNDINAEHMFLWTAGQGVHYTNWGKGYPGGRRSSLSYEDADCVVVIGGNSREAGTWMDDTCDSKQGYICQTQTDPSLPVSPTTTPKDGFVTYGKSSYSLMKLKLPWHEAETYCKDHTSLLASILDPYSNAFAWMKMHPFNVPIWIALNSNLTNNEYTWTDRWRVRYTNWGADEPKLKSACVYMDVDGYWRTSYCNESFYFLCKKSDEIPATEPPQLPGKCPESEQTAWIPFYGHCYYFESSFTRSWGQASLECLRMGASLVSIETAAESSFLSYRVEPLKSKTNFWIGMFRNVEGKWLWLNDNPVSFVNWKTGDPSGERNDCVVLASSSGLWNNIHCSSYKGFICKMPKIIDPVTTHSSITTKADQRKMDPQPKGSSKAAGVVTVVLLIVIGAGVAAYFFYKKRHALHIPQEATFENTLYFNSNLSPGTSDTKDLMGNIEQNEHAII"
"Q13018","PLA2R_HUMAN",1463,"MLLSPSLLLLLLLGAPRGCAEGVAAALTPERLLEWQDKGIFVIQSESLKKCIQAGKSVLTLENCKQANKHMLWKWVSNHGLFNIGGSGCLGLNFSAPEQPLSLYECDSTLVSLRWRCNRKMITGPLQYSVQVAHDNTVVASRKYIHKWISYGSGGGDICEYLHKDLHTIKGNTHGMPCMFPFQYNHQWHHECTREGREDDLLWCATTSRYERDEKWGFCPDPTSAEVGCDTIWEKDLNSHICYQFNLLSSLSWSEAHSSCQMQGGTLLSITDETEENFIREHMSSKTVEVWMGLNQLDEHAGWQWSDGTPLNYLNWSPEVNFEPFVEDHCGTFSSFMPSAWRSRDCESTLPYICKKYLNHIDHEIVEKDAWKYYATHCEPGWNPYNRNCYKLQKEEKTWHEALRSCQADNSALIDITSLAEVEFLVTLLGDENASETWIGLSSNKIPVSFEWSNDSSVIFTNWHTLEPHIFPNRSQLCVSAEQSEGHWKVKNCEERLFYICKKAGHVLSDAESGCQEGWERHGGFCYKIDTVLRSFDQASSGYYCPPALVTITNRFEQAFITSLISSVVKMKDSYFWIALQDQNDTGEYTWKPVGQKPEPVQYTHWNTHQPRYSGGCVAMRGRHPLGRWEVKHCRHFKAMSLCKQPVENQEKAEYEERWPFHPCYLDWESEPGLASCFKVFHSEKVLMKRTWREAEAFCEEFGAHLASFAHIEEENFVNELLHSKFNWTEERQFWIGFNKRNPLNAGSWEWSDRTPVVSSFLDNTYFGEDARNCAVYKANKTLLPLHCGSKREWICKIPRDVKPKIPFWYQYDVPWLFYQDAEYLFHTFASEWLNFEFVCSWLHSDLLTIHSAHEQEFIHSKIKALSKYGASWWIGLQEERANDEFRWRDGTPVIYQNWDTGRERTVNNQSQRCGFISSITGLWGSEECSVSMPSICKRKKVWLIEKKKDTPKQHGTCPKGWLYFNYKCLLLNIPKDPSSWKNWTHAQHFCAEEGGTLVAIESEVEQAFITMNLFGQTTSVWIGLQNDDYETWLNGKPVVYSNWSPFDIINIPSHNTTEVQKHIPLCALLSSNPNFHFTGKWYFEDCGKEGYGFVCEKMQDTSGHGVNTSDMYPMPNTLEYGNRTYKIINANMTWYAAIKTCLMHKAQLVSITDQYHQSFLTVVLNRLGYAHWIGLFTTDNGLNFDWSDGTKSSFTFWKDEESSLLGDCVFADSNGRWHSTACESFLQGAICHVPPETRQSEHPELCSETSIPWIKFKSNCYSFSTVLDSMSFEAAHEFCKKEGSNLLTIKDEAENAFLLEELFAFGSSVQMVWLNAQFDGNNETIKWFDGTPTDQSNWGIRKPDTDYFKPHHCVALRIPEGLWQLSPCQEKKGFICKMEADIHTAEALPEKGPSHSIIPLAVVLTLIVIVAICTLSFCIYKHNGGFFRRLAGFRNPYYPATNFSTVYLEENILISDLEKSDQ"
"Q9Z2G6","SE1L1_MOUSE",790,"MQVRVRLSLLLLCAVLLGSAAATSDDKTNQDDSLDSKSSLPTDESVKDHTTTGKVVAGQIFVDSEEAEVESLLQDEEDSSKTQEEEISFLESPNPSSKTYEELKRVRKPVLTAIEGTAHGEPCHFPFLFLDKEYDECTSDGREDGRLWCATTYDYKTDEKWGFCETEEDAAKRRQMQEAEMIYQAGMKILNGSNRKSQKREAYRYLQKAAGMNHTKALERVSYALLFGDYLTQNIQAAKEMFEKLTEEGSPKGQTGLGFLYASGLGVNSSQAKALVYYTFGALGGNLIAHMILGYRYWAGIGVLQSCESALTHYRLVANHVASDISLTGGSVVQRIRLPDEVENPGMNSGMLEEDLIQYYQFLAEKGDVQAQVGLGQLHLHGGRGVEQNHQRAFDYFNLAANAGNSHAMAFLGKMYSEGSDIVPQSNETALHYFKKAADMGNPVGQSGLGMAYLYGRGVQVNYDLALKYFQKAAEQGWVDGQLQLGSMYYNGIGVKRDYKQALKYFNLASQGGHILAFYNLAQMHASGTGVMRSCHTAVELFKNVCERGRWSERLMTAYNSYKDEDYNAAVVQYLLLAEQGYEVAQSNAAFILDQREATIVGENETYPRALLHWNRAASQGYTVARIKLGDYHFYGFGTDVDYETAFIHYRLASEQQHSAQAMFNLGYMHEKGLGIKQDIHLAKRFYDMAAEASPDAQVPVFLALCKLGVVYFLQYIREANIRDLFTQLDMDQLLGPEWDLYLMTIIALLLGTVIAYRQRQHQDIPVPRPPGPRPAPPQQEGPPEQQPPQ"
"P02784","SFP1_BOVIN",134,"MALQLGLFLIWAGVSVFLQLDPVNGDQDEGVSTEPTQDGPAELPEDEECVFPFVYRNRKHFDCTVHGSLFPWCSLDADYVGRWKYCAQRDYAKCVFPFIYGGKKYETCTKIGSMWMSWCSLSPNYDKDRAWKYC"
"Q075Z2","BSPH1_HUMAN",132,"MGSLMLLFVETTRNSSACIFPVILNELSSTVETITHFPEVTDGECVFPFHYKNGTYYDCIKSKARHKWCSLNKTYEGYWKFCSAEDFANCVFPFWYRRLIYWECTDDGEAFGKKWCSLTKNFNKDRIWKYCE"
"Q3UW26","BSPH1_MOUSE",133,"MAQPLDFLLVSICLFHSLFSFQVEDYYAPTIESLIRNPETEDGACVFPFLYRSEIFYDCVNFNLKHKWCSLNKTYQGYWKYCALSDYAPCAFPFWYRHMIYWDCTEDGEVFGKKWCSLTPNYNKDQVWKYCIE"
"Q9GL25","ESPB1_CANFA",245,"MNPWSSYLLGWTTFLLYFYETSGKIPNLSSLGKHEFTKPWISIKEDQKDSCVFPFVYKGSSYFSCIKTNSFSPWCATRAVYNGQWKFCMADDYPRCIFPFIFRGKSHNSCITEGSFLRRLWCSVTSSFDENQQWKYCETNEYGGNSFSKPCIFPSIFRNSTIFECMEDENNKLWCPTTENMDEDGKWSLCADTRISSLVPGFPCHFPFSYKNKNYYNCIGKGTKENLTWCATSYNYDRDHTWVYC"
"Q7YR83","ESPB1_PIG",223,"MNRRSSYLLGCTAFILYSYETSGDTKDSCVFPFNYKGFTYFSCTRTNSLSPWCATRAVYDGQWKYCLIEDYPRCVFPFIYRGRSHRNCIVEGSFFGKLWCSVTSSFDEKQQWKYCEINEYGGNSFSKPCIFPSKYRNHIISECLEDESNKLWCPTTENMDMDGKWSLCADTRISSLVPGFPCHFPFNYKNKNYFNCTTKGSKENLLWCATSYNYDQDHTWVYC"
"D3ZTE0","FA12_RAT",595,"MTALLFLGSLLMSLDLTLSAPPWKSKEFKDGAGDPSVVLTVDGKLCHFPFQYHRRLYHKCIHKGQPGSRPWCATTPNFDEDQQWGYCLEPKKVKDHCSKHSPCHKGGTCVNTPNGPHCLCPEHLTGKHCQREKCFESQLLKFFHENEIWFRTGPGGVARCQCKGPQAVCKLLTSQVCRVNPCLNGGTCLLVEDHRLCHCPAGYAGPFCDLDLKATCYEDRGLSYRGQAKTTLSGAPCQRWASEATYRNMTETQALSWGLGHHAFCRNPDNDTRPWCYVWSGDRLSWDYCDLEQCQMPTLTSPVSPESHDMLKPRPPILQSSPRDSTRNQNVVSRTSTVVCGQRFRKRLSSLRRVVGGLVALPGSHPYIAALYWGDSFCAGSLIDPCWVLTAAHCLQKRPAPEELTVVLGQDRHNQSCERCQTLAVHSYRLHEGFSSKTYQHDLALLRLRGRKNSCAILSPHVQPVCLPSSAAPPSETVLCEVAGWGHQFEGAEEYATFLQEAQVPFISLDRCSSSNVHGDAILPGMLCAGFLEGGADACQGDSGGPLVCDEGVTERQLTLRGVISWGSGCGDRNKPGVYTDVANYLDWIQEHTAF"
"Q04962","FA12_CAVPO",603,"GRLLLGSLLVSLESALSAPPPWKAPKERRHRAEEFTVGLTVTGEPCYFPFQYNRQLYHHCIHKGRPGPRPWCATTPNFDQDQQWAYCLEPKKVKDHCSKHNPCQRGGICVNTLSSPHCLCPDHLTGKHCQREKCFEPQLHRFFHENEIWFRTGPAGVAKCHCKGPDAHCKQMHSQECQTNPCLNGGRCLEVEGHHLCDCPMGYTGPFCDLDTTASCYEGRGVSYRGMARTTVSGAKCQRWASEATYRNMTAEQALRRGLGHHTFCRNPDNDTRPWCFVWMGNRLSWEYCDLAQCQYPPQPTATPHDRFEHPKLPSSRLSILQTPQPTTQNQALANELPETSSLLCGQRLRKRLSSLSRIVGGLVALPGAHPYIAALYWGSNFCSGSLIAPCWVLTAAHCLQNRPAPEELKVVLGQDRHNQSCEHCQTLAVHSYRLHEAFSPSSYLNDLALLRLQKSADGSCAQLSPYVQTVCLPSGPAPPSESETTCCEVAGWGHQFEGAEEYSSFLQEAQVPLISSERCSSPEVHGDAFLSGMLCAGFLEGGTDACQGDSGGPLVCEDEAAEHRLILRGIVSWGSGCGDRNKPGVYTDVASYLTWIQKHTAS"
"O97507","FA12_PIG",616,"MRALLLLGILLVSLESALLIPPWKDPRKHKVMASEHTVVLTVTGEPCHFPFQYYRQLYYKCIQRGQRGPRPWCATTPNFEKDQRWAYCLEPMKVKDHCNKGNPCQKGGTCVNMPNGPHCICPDHFTGKHCQKEKCFEPQFLQFFQENEIWHRFEPAGVSKCQCKGPKAQCKPVASQVCSTNPCLNGGSCLQTEGHRLCRCPTGYAGRLCDVDLKERCYSDRGLSYRGMAQTTLSGAPCQPWASEATYWNMTAEQALNWGLGDHAFCRNPDNDTRPWCFVWRGDQLSWQYCRLARCQAPIGEAPPILTPTQSPSEHQDSPLLSREPQPTTQTPSQNLTSAWCAPPEQRGPLPSAGLVGCGQRLRKRLSSLNRIVGGLVALPGAHPYIAALYWGQNFCAGSLIAPCWVLTAAHCLQNRPAPEELTVVLGQDRHNQSCEQCQTLAVRSYRLHESYSPKTYQHDLALVRLKETADGCCAHPSPFVQPVCLPRSVASSAEPEGALCEVAGWGHQFEGAEEYSSFLQEAQVPLISPERCSAADVHGAAFTPGMLCAGFLEGGTDACQGDSGGPLVCEDETAERQLVLRGIVSWGSGCGDRLKPGVYTDVANYLAWIQEHTTS"
"Q80YC5","FA12_MOUSE",597,"MTALLFLGSLLMSLDLTLSAPPWKDSKKFKDAPDGPTVVLTVDGRLCHFPFQYHRQLHHKCIHKRRPGSRPWCATTPNFDEDQQWGYCLEPKKVKDHCSKHNPCHKGGTCINTPNGPHCLCPEHLTGKHCQKEKCFEPQLLKFFHENELWFRTGPGGVARCECKGSEAHCKPVASQACSINPCLNGGSCLLVEDHPLCRCPTGYTGYFCDLDLWATCYEGRGLSYRGQAGTTQSGAPCQRWTVEATYRNMTEKQALSWGLGHHAFCRNPDNDTRPWCFVWSGDRLSWDYCGLEQCQTPTFAPLVVPESQEESPSQAPSLSHAPNDSTDHQTSLSKTNTMGCGQRFRKGLSSFMRVVGGLVALPGSHPYIAALYWGNNFCAGSLIAPCWVLTAAHCLQNRPAPEELTVVLGQDRHNQSCEWCQTLAVRSYRLHEGFSSITYQHDLALLRLQESKTNSCAILSPHVQPVCLPSGAAPPSETVLCEVAGWGHQFEGAEEYSTFLQEAQVPFIALDRCSNSNVHGDAILPGMLCAGFLEGGTDACQGDSGGPLVCEEGTAEHQLTLRGVISWGSGCGDRNKPGVYTDVANYLAWIQKHIAS"
"P98140","FA12_BOVIN",612,"MRALLLLGALLVSLESTVSTPPWKGPKKHKLTDSEHTVVLTVTGEPCHFPFQYHRQLHHKCIHRGRPGPRPWCATTPNFEKDQRWAYCLEPKKVKDHCSKHNPCQKGGTCVNMPDGPRCICADHFTGKHCQKEKCFEPQFFRFFHENEIWHRLEPAGVVKCQCKGPNAQCKPLASQVCRTNPCLNGGSCLQAEGHRLCRCAPSFAGRLCDVDLKASCYDDRDRGLSYRGMAGTTLSGAPCQSWASEATYWNVTAEQVLNWGLGDHAFCRASTPPRGYRNPDNDTRPLCFIWKGDRLSWNYCRLAPCQAAAGHEHFPLPSPSALQKPESTTQTPLPSLTSGWCSPTPLASGGPGGCGQRLRKWLSSLNRVVGGLVALPGAHPYIAALYWDQHFCAGSLIAPCWVLTAAHCLQNRPAPKELTVVLGQDRHNQSCEQCQTLAVRDYRLHEAFSPITYQHDLALVRLQESADGCCAHPSPFVQPVCLPSTAARPAESEAAVCEVAGWGHQFEGGEYSSFLQEAQVPLIDPQRCSAPDVHGAAFTQGMLCAGFLEGGTDACQGDSGGPLVCEDETPERQLILRGIVSWGSGCGNRLKPGVYTDVANYLAWIREHTAS"
"Q91400","FINC_NOTVI",190,"NSNGASCHFPFLYNNRNYTDCTSEGRRDSMKWCGTTLNLYADQKFGFCPMAAHEEICTTNEGVMYRVGVQVDKQHDQGHMMRCTCVGNGRGEWNCVAYSQLRDQCIVDGITYDVNHTFTKRHEEGHMMNCTCYGQGRGWWKCDAIDQCQDSETRQFYQIGDSWEKHVQGVRYQCYSIGRGIGEWHCQPLQ"
"Q91740","FINC_XENLA",2481,"MRRGALTGLLLVLCLSVVLRAAPSATSKKRRQAQQQQQQQVVQPQGTQDNHQKGCYDNGKYYQINQQWERTYLGNTLVCTCYGGGRGFNCESKPESEETCFDKYTGVSYRVGETYERPKDNMIWDCTCIGAGRGRISCTIANRCHEGGQSYKIGDTWRRPHETGGYMLECVCLGNGKGEWTCKPVAERCYDNTAGTSYVVGQTWEKPYQGWMMVDCTCLGEGNGRITCSSKNRCNDQDTKTSYRIGDTWSKTDTRGNLLQCICTGNGRGEWKCERHSSAQATGTGSNPITNIQTALYQPDSQLEPYGHCVTDNGVLYSLGMRWLRTQGSKQMLCTCLGNGVSCEETVATITFGGNANGEPCAIPFTHDGKTYYSCTSEGRQDGKLWCATTSNYDSDKKYSFCTEQLALVQTRGGNSNGALCNFPFLYNNLNYTDSTSEGRQDSMKWCGTTANYDADQKFGFCPMAAHEEICTTNEGVMYRVGDQWDKQHDQGHMMRCTCVGNGRGEWSCVAYSQLKDQCIVDGLTYNVNSSFTKLHEEGHMMNCTCFGQGRGRWKCDAIDQCQDTETRQFYQIGDSWEKHLQGVQYQCYCYGKGIGEWHCQPLSTSQAGTGPVQVIITESANFPTSHPIQWNAPQASHIKNYILRWKPKLKAGPWKQATIPGHLNSYTISGLKPGILYEGQLISILQYGNREVTTFDFTTTTTIHRHSQTESGETTPLPPLVSISESVTEITASSFLVSWVSASDTVSGFRVEYELSEDGDEKRYLELPNTATSVNIPDLLPGRRYNVNVYQITEEGEKSLILSTTQTTAPDAPPEHNVENVDDTSIMIKWNKPQAPITGYRVVYSPSVEGSSTELNLPSTANSVTLTELLPGIEYNITIYAVEDSLESVPVFIQQGTTGTPQTVIVPSPTDLQLVEVTDVKIIIMWTSPQSEVSGYRVVVKPVSPAGRDVQNLPVNRNTFAEVVNLQPGRTYSFEVYAVNRGQESEPLVGEFATKLDAPTDLQFTDVTESTVVIIWIPPQAKIGRYLLSVGQTRGGQPSQFPINPSVTNHKLDNLLPGTEYTVSLVALKGNQQSASASGVFSTLEPVGSIPHYNTEVTETTIVVTWTPVPRIGFKLDVRPSQGGEAPREVISESGSIVISGLTPGVEYTYSISVLTDGVEKDIPITKTVVTPLSPPTNLRLQPSRDSATLTVYWDRSISPGITGYRISTTPTPMQVGNSLEEEVGPSQTYCVFENLSPGVEYNVSVYAVKEEEESAPLSQMFLQEIPQLTDIKYDDVTDTSIDLRWTPLNSSNIIGYRITVVAAGESVPIYEEFVGPTDGYYKVSGLEPGIDYEISLITLINGGESAPTTIIQHTAVPPPTNLRFTNIGPDNIRVTWSPPTSIELSSYLVRYSPVKKPDDVTELSLSPSTNMVVLSNLLPFTEYLVSVHSVYEERESSSLNGVAKTHLDSPTGIAFSEITPNSFTVHWIAPRGPITGYRIRYQLESGAGRPKEERVPPSRNSITLTHLIPGSEYLVSIIAINGQQESLPLAGQQATVSDVPTDLEVTSSSPNTLTISWEAPAVSVRYYRITYSQTGGHGPEKEFTVPGTSNTATIRGLNPGVSYTITVYAVTGRGDSPASSKPLTIIHKTDVDQPIDMAVTDIQDHSIHVKWSPPPGPVTGYRVTSVPKSGQGETFSQVISPDQTEVTIVGLQPAVEYVVSIYSQGENGESEPLVETAVTNIDNPKGLTFTDVGVDSIRLAWEVPDGQVTRYRVTYSSPEDGVKELFPAPEGDDDTAELHGLRPGTEYTVSIVALHDDMESKPLIGIQSTAIPAPTNLQFSQVTPSGFSLSWHAPTVHLTGYLVRVNPKEKTGPTKEVRLSPGVAATTVTGLMVATKYEVNVYALKDSLTSQPLQGLISTLDNVSPPRRPRIQDVTETTVTLSWRTKTETITGFQIDAIPADGQNPIRRTVDADLRTFTITGLQPGTDYKIYLYTLNDNARSSPVTVDVTTAVDSPSNLRFLTTTSNSLLFTWQPPRARITGYIIRYEKAGGLIKEHLPRLPAGTTESTLTNLEPGTEYIIYIIAVRNNMKSEPLVGRKRTDELPRLVTLPHPGQGPEILDVPTDEENTPHITQTKLDNGNGIQLPGSNGQQPSSDHEGQLIEEHGFRSPLAPTTAVPVRPGKFAPGRYPQERVDIELDTFPVQHGDFDGPYPHGLGPQLNDSGVQEVASHTTISWRPELETTEYIISCHPIDHEEAPLQFRVPGTSSSATLNGLTRGATYNIVVEAQKGTDKHKVLEKRVTVGSPGSPEGVLQPVEDTCYDTFSGAHYSVGQEWERMSESGFRLWCKCLGYGSGHFRCDSSKWCHDNGVNHRIGEKWDRRGENGQMMSCTCLGNGKGEFKCEPPEATCYDEGKMYNVGEQWQKEYLGAICSCTCYGGQQGWRCDNCRRPGAVSPDGTAGQTVSQFTQRYQQNYNLNCPIECYLPLGLQADTQHSQQTQK"
"Q6QNF4","HGFA_CANFA",654,"MGRWAWGPSLCPLPGMALLLLLLLLLVPHGAQPQAGGNLTEPPEPNATVTPGTPMIPVTSVTPVTPATSAPEAQGPRGRGLTPPPRAAPSSSSPGDPVLTVDGQPCRFPFRYGGRMLHACTSEGSAHRKWCATTHNYDRDRAWGYCVQAPVSREGPAALDSCASSPCLNGGSCSHTQDPGSYHCTCPMAFTGRNCDTEKCFDETRYEHLEAGDRWARVSQGQVEQCECAGGQIRCEGTRHTACLSSPCLNGGTCHLIVATGTTVCSCPPGHAGRLCNIVPSQRCFVGNGTEYRGVASTAASGLSCLAWNSDLLYQELHVDSVGAAALLGLGPHAYCRNPDKDERPWCYVVKDSALSWEYCRLAACESLARIPSLTTAVLLSQAEPAPVGRQTCGKRHKKRTFLRPRIIGGSSSLPGSHPWLAAIYIGDSFCAGSLVHTCWVVSAAHCFSNSPRRESVLVVLGQHFFNQTTDVTQTFGIEKYIPYPMYSVFNPSDHDLVLIRLKKKGDRCAIRSQFVQPICLPEPSSPFPAGHKCQIAGWGHQDENVSGYSSSLREALVPLVADHKCSSPEVYGADISPNMLCAGYFDCKSDACQGDSGGPLACEKNGVAYLYGIISWGDGCGRLNKPGVYTRVAKYVDWIKDRIWPSKRPSDPS"
"Q920P9","LY75_MESAU",1722,"MGTRRVTPGCAAGLLVLLLRCFGLAEPSEFSGDDSFTIVNENTGKCIQPLSDWIVAQDCSETRSMLWKWVSQHRLFHLESQKCLGLDMTKAADNLRMFRCDSSVLLWWKCEHHSLYSAAHYRLDLKDGYATASTNSSAVWKKGGSKENLCDQPYREIYTRDGNSYGRPCEFPFLVGETWHHDCIRDENHSGPWCATTLNYEYDQKWGICLKPESGCEGNWEKNEQIGSCYQFNNQEVLSWKEAYVSCQNQGADLLSIHSAAELAYITGKEDIARIVWIGLNQLYSARGWEWSDFKPLKFLNWDPGTPSAPMIGGSSCARMDTETGLWRSVSCEAQQPYVCKKPLNNTVELPDVWTYSDTHCDVGWLPQNGFCYLLANESGPWDAAHLKCKAFGGDLISIHSLADVEVVVTKLHSGDVKEEIWTGLRNVNSPTLFQWSDGTEVTLTYWNENEPSVPYNKTPNCVSYLGKLGQWKVQSCEKKLRYVCKKKGEITNDTRSDKLCPPDEGWKRHGETCYKIYENEVPFGTNCNLTITSRFEQEFLNDMMKKYDKSFQKYFWTGLRDADARGEYSWAATGGLKQAMTFSNWNFLQPASPGGCVAMSTGKTLGRWEVKSCRSFRALSICKKMSGPQEPEEATPKPDEPCPEGWHTFPSNLSCYKVFHIERTVRRRTWEEAERFCQALGAHLPSFSHMNEVKEFLHLLQDQFSVQRWLWIGLNKRSPDLQGSWQWSDRTPVSTVIMHREFQQDYDVRDCAAIKVLDNAWLRTWYYYDERKFGYLKPFSCDAKLDWVCQIPKGSTLQVPDWYNPERTGIHGPPVIIDGSEYWFVEEPRLNYEEAVLYCASNHSFLATITTFTKLKAIRGKMENLSGEEQKWWVKANANPIDHYFLRTRPLWHRFSMLLDEECLQMSAKMWHLDLNKRADCNDKLPFVCEKYNVSSLEKYSPDSAAKVQCTGKWIPFQNKCFLKVKSEPVTFSQASSTCHTYGGTLPSVLSKSEQDFIISLLPEMETSLWIGLRWTAYDRISKWTDGRNLTYSNFHPLLVGRRLSIAAYFIDEESHYHCALMLNLRKSPLTGTWNFTSCSERHSLSLCQKYSENEDGRPWETNSETVKYLNNLYKIISKPLTWHGALKECLNENMRLVSITDPYQQAFLSVQATLRNTSFWIGLSSQDDELNFGWSDGTYLHFSNWAVDNEKLDDCVILDTDGFWKTADCDENQPGAICYYPGNETSKEVRPLNSAKCPSPAQSTPWVPFQNSCYNFMITKNRHRTITQKEVHSLCQKLHSKAQILSIRNEEENNFVVEQLLYFNYIASWVMLGVTYENNSLMWFDKTALSYTHWRAGRPAVKNHKFLAGLSTDGFWDIQSFNVIDETLHFYQHSILACKIEMVDYKEERNSTLPEFIPYEDGVYNVIQKRVTWYQALSMCSQSGRHLASVHNPKEQLFLEDIVNRDGFPLWVGLSSHDGSESSFEWSDGSAFDYIPWKSQGSPGNCVILDPKGTWKHENCLSVKDGAICYKPTKFKELASHAHSSKCPLVKRNGSQWVQYGDHCYSAEQALHTFAEAKKLCQELDHSATVVTIADENENKFVSRLMRENYNITMRVWLGLSQHSLDQSWSWLDGLDVTFVKWENKSKNGDGKCSILIASNETWKKVECSRGYARVVCKVPLSPDYRGIAVLFAVLSVLALISGLIWFLVQRNHFRWTGLSSVRYEHGANEDEVMLPSFHD"
"Q9GLE5","MMP2_BOVIN",661,"MTEARVSRGALAALLRALCALGCLLGRAAAAPSPIIKFPGDVAPKTDKELAVQYLNTFYGCPKESCNLFVLKDTLKKMQKFFGLPQTGELDQSTIETMRKPRCGNPDVANYNFFPRKPKWDKNQITYRIIGYTPDLDPQTVDDAFARAFQVWSDVTPLRFSRIHDGEADIMINFGRWEHGDGYPFDGKDGLLAHAFAPGPGVGGDSHFDDDELRTLGEGQVVRVKYGNADGEYCKFPFRFNGKEYTSCTDTGRSDGFLWCSTTYNFDKDGKYGFCPHEALFTMGGNADGQPCKFPFRFQGTSYDSCTTEGRTDGYRWCGTTEDYDRDKEYGFCPETAMSTVGGNSEGAPCVLPFTFLGNKHESCTSAGRSDGKLWCATTSNYDDDRKWGFCPDQGYSLFLVAAHEFGHAMGLEHSQDPGALMAPIYTYTKNFRLSHDDIQGIQELYGASPDIDTGTGPTPTLGPVTPELCKQDIVFDGISQIRGEIFFFKDRFIWRTVTPRDKPTGPLLVATFWPELPEKIDAVYEDPQEEKAVFFAGNEYWVYSASTLERGYPKPLTSLGLPPGVQKVDAAFNWSKNKKTYIFAGDKFWRYNEVKKKMDPGFPKLIADAWNAIPDNLDAVVDLQGGGHSYFFKGAYYLKLENQSLKSVKFGSIKSDWLGC"
"Q90611","MMP2_CHICK",663,"MKTHSVFGFFFKVLLIQVYLFNKTLAAPSPIIKFPGDSTPKTDKELAVQYLNKYYGCPKDNCNLFVLKDTLKKMQKFFGLPETGDLDQNTIETMKKPRCGNPDVANYNFFPRKPKWEKNHITYRIIGYTPDLDPETVDDAFARAFKVWSDVTPLRFNRINDGEADIMINFGRWEHGDGYPFDGKDGLLAHAFAPGPGIGGDSHFDDDELWTLGEGQVVRVKYGNADGEYCKFPFWFNGKEYNSCTDAGRNDGFLWCSTTKDFDADGKYGFCPHESLFTMGGNGDGQPCKFPFKFQGQSYDQCTTEGRTDGYRWCGTTEDYDRDKKYGFCPETAMSTVGGNSEGAPCVFPFIFLGNKYDSCTSAGRNDGKLWCASTSSYDDDRKWGFCPDQGYSLFLVAAHEFGHAMGLEHSEDPGALMAPIYTYTKNFRLSQDDIKGIQELYEVSPDVEPGPGPGPGPGPRPTLGPVTPELCKHDIVFDGVAQIRGEIFFFKDRFMWRTVNPRGKPTGPLLVATFWPDLPEKIDAVYESPQDEKAVFFAGNEYWVYTASNLDRGYPKKLTSLGLPPDVQRIDAAFNWGRNKKTYIFSGDRYWKYNEEKKKMELATPKFIADSWNGVPDNLDAVLGLTDSGYTYFFKDQYYLQMEDKSLKIVKIGKISSDWLGC"
"P50757","MMP2_RABIT",662,"MEALGARGALAGFLRALCVLGCLLGRATAPPSPVIKFPGDVAPKTDKELAVQYLNTFYGCPKDSCNLFVLKDTLKKMQKFFGLPQTGELDQSTIETMRKPRCGNPDVANYNFFPRKPKWDKNQITYRIIGYTPDLDPETVDDAFARAFQVWSNVTPLRFSRIHDGEADIMINFGRWEHGDGYPFDGKDGLLAHAFAPGTGVGGDSHFDDDELWTLGEGQVVRVKYGNADGEYCKFPFLFNGKEYTSCTDTGRSDGFLWCSTTYNFEKDGKYGFCPHEALFTMGGNADGQPCKFPFRFQGTSYSSCTTEGRTDGYRWCGTTEDYDRDKKYGFCPETAMSTIGGNSEGAPCVFPFTFLGNKYESCTSAGRSDGKMWCATSTNYDDDRKWGFCPDQGYSLFLVAAHEFGHAMGLEHSQDPGALMAPIYTYTKNFRLSQDDIKGIQELYGASPDAGTDAGTGPTPTLGPVTPEICTQDIVFDGIAQIRGEIFFFKDRFIWRTVTPGDKPMGPLLVATFWPELPEKIDAVYEAPQEEKAVFFAGNEYWVYSASTLERGYPKPLTSLGLPPDVQRVDAAFNWSKNKKTYIFAGDKFWRYNEVKKKMDPGFPRLIADAWNAIPDHLDAVVDLQGSGHSYFFKGTYYLKLENQSLKSVKVGSIKTDWLGC"
"P33436","MMP2_RAT",662,"MEARLVWGVLVGPLRVLCVLCCLLGHAIAAPSPIIKFPGDVSPKTDKELAVQYLNTFYGCPKESCNLFVLKDTLKKMQKFFGLPQTGDLDQNTIETMRKPRCGNPDVANYNFFPRKPKWDKNQITYRIIGYTPDLDPETVDDAFARALKVWSDVTPLRFSRIHDGEADIMINFGRWEHGDGYPFDGKDGLLAHAFAPGTGVGGDSHFDDDELWTLGEGQVVRVKYGNADGEYCKFPFLFNGREYSSCTDTGRSDGFLWCSTTYNFEKDGKYGFCPHEALFTMGGNGDGQPCKFPFRFQGTSYNSCTTEGRTDGYRWCGTTEDYDRDKKYGFCPETAMSTVGGNSEGAPCVFPFTFLGNKYESCTSAGRSDGKVWCATTTNYDDDRKWGFCPDQGYSLFLVAAHEFGHAMGLEHSQDPGALMAPIYTYTKNFRLSNDDIKGIQELYGPSPDADTDTGTGPTPTLGPVTPEICKQDIVFDGIAQIRGEIFFFKDRFIWRTVTPRDKPTGPLLVATFWPELPEKIDAVYEAPQEEKAVFFAGNEYWVYSASTLERGYPKPLTSLGLPPDVQQVDAAFNWSKNKKTYIFSGDKFWRYNEVKKKMDPGFPKLIADSWNAIPDNLDAVVDLQGGGHSYFFKGAYYLKLENQSLKSVKFGSIKSDWLGC"
"P52176","MMP9_BOVIN",712,"MSPLQPLVLALLVLACCSAVPRRRQPTVVVFPGEPRTNLTNRQLAEEYLYRYGYTPGAELSEDGQSLQRALLRFQRRLSLPETGELDSTTLNAMRAPRCGVPDVGRFQTFEGELKWHHHNITYWIQNYSEDLPRAVIDDAFARAFALWSAVTPLTFTRVYGPEADIVIQFGVREHGDGYPFDGKNGLLAHAFPPGKGIQGDAHFDDEELWSLGKGVVIPTYFGNAKGAACHFPFTFEGRSYSACTTDGRSDDMLWCSTTADYDADRQFGFCPSERLYTQDGNADGKPCVFPFTFQGRTYSACTSDGRSDGYRWCATTANYDQDKLYGFCPTRVDATVTGGNAAGELCVFPFTFLGKEYSACTREGRNDGHLWCATTSNFDKDKKWGFCPDQGYSLFLVAAHEFGHALGLDHTSVPEALMYPMYRFTEEHPLHRDDVQGIQHLYGPRPEPEPRPPTTTTTTTTEPQPTAPPTVCVTGPPTARPSEGPTTGPTGPPAAGPTGPPTAGPSAAPTESPDPAEDVCNVDIFDAIAEIRNRLHFFKAGKYWRLSEGGGRRVQGPFLVKSKWPALPRKLDSAFEDPLTKKIFFFSGRQVWVYTGASLLGPRRLDKLGLGPEVAQVTGALPRPEGKVLLFSGQSFWRFDVKTQKVDPQSVTPVDQMFPGVPISTHDIFQYQEKAYFCQDHFYWRVSSQNEVNQVDYVGYVTFDLLKCPED"
"O18733","MMP9_CANFA",704,"MSPRQPLVLVFLVLGCCSAAPRPHKPTVVVFPGDLRTNLTDKQLAEEYLFRYGYTQVAELSNDKQSLSRGLRLLQRRLALPETGELDKTTLEAMRAPRCGVPDLGKFQTFEGDLKWHHNDITYWIQNYSEDLPRDVIDDAFARAFAVWSAVTPLTFTRVYGPEADIIIQFGVREHGDGYPFDGKNGLLAHAFPPGPGIQGDAHFDDEELWTLGKGVVVPTHFGNADGAPCHFPFTFEGRSYSACTTDGRSDDTPWCSTTADYDTDRRFGFCPSEKLYAQDGNGDGKPCVFPFTFEGRSYSTCTTDGRSDGYRWCSTTADYDQDKLYGFCPTRVDSAVTGGNSAGEPCVFPFIFLGKQYSTCTREGRGDGHLWCATTSNFDRDKKWGFCPDQGYSLFLVAAHEFGHALGLDHSSVPEALMYPMYSFTEGPPLHEDDVRGIQHLYGPRPEPEPQPPTAPPTAPPTVCATGPPTTRPSERPTAGPTGPPAAGPTGPPTAGPSEAPTVPVDPAEDICKVNIFDAIAEIRNYLHFFKEGKYWRFSKGKGRRVQGPFLSPSTWPALPRKLDSAFEDGLTKKTFFFSGRQVWVYTGTSVVGPRRLDKLGLGPEVTQVTGALPQGGGKVLLFSRQRFWSFDVKTQTVDPRSAGSVEQMYPGVPLNTHDIFQYQEKAYFCQDRFYWRVNSRNEVNQVDEVGYVTFDILQCPED"
"P41246","MMP9_RABIT",707,"MSPRQPLVLALLVLGCCSAAPRRRQPTLVVFPGELRTRLTDRQLAEEYLFRYGYTRVASMHGDSQSLRLPLLLLQKHLSLPETGELDNATLEAMRAPRCGVPDVGKFQTFEGDLKWHHHNITYWIQNYSEDLPRDVIDDAFARAFALWSAVTPLTFTRVYSRDADIVIQFGVAEHGDGYPFDGKDGLLAHAFPPGPGIQGDAHFDDEELWSLGKGVVVPTYFGNADGAPCHFPFTFEGRSYTACTTDGRSDGMAWCSTTADYDTDRRFGFCPSERLYTQDGNADGKPCEFPFIFQGRTYSACTTDGRSDGHRWCATTASYDKDKLYGFCPTRADSTVVGGNSAGELCVFPFVFLGKEYSSCTSEGRRDGRLWCATTSNFDSDKKWGFCPDKGYSLFLVAAHEFGHALGLDHSSVPERLMYPMYRYLEGSPLHEDDVRGIQHLYGPNPNPQPPATTTPEPQPTAPPTACPTWPATVRPSEHPTTSPTGAPSAGPTGPPTASPSAAPTASLDPAEDVCNVNVFDAIAEIGNKLHVFKDGRYWRFSEGSGRRPQGPFLIADTWPALPAKLDSAFEEPLTKKLFFFSGRQVWVYTGASVLGPRRLDKLGLGPEVPHVTGALPRAGGKVLLFGAQRFWRFDVKTQTVDSRSGAPVDQMFPGVPLNTHDVFQYREKAYFCQDRFFWRVSTRNEVNLVDQVGYVSFDILHCPED"
"P50282","MMP9_RAT",708,"MSPWQPLLLVLLALGYSFAAPHQRQPTYVVFPRDLKTSNLTDTQLAEDYLYRYGYTRAAQMMGEKQSLRPALLMLQKQLSLPQTGELDSETLKAIRSPRCGVPDVGKFQTFDGDLKWHHHNITYWIQSYTEDLPRDVIDDSFARAFAVWSAVTPLTFTRVYGLEADIVIQFGVAEHGDGYPFDGKDGLLAHAFPPGPGIQGDAHFDDDELWSLGKGAVVPTYFGNANGAPCHFPFTFEGRSYLSCTTDGRNDGKPWCGTTADYDTDRKYGFCPSENLYTEHGNGDGKPCVFPFIFEGHSYSACTTKGRSDGYRWCATTANYDQDKADGFCPTRADVTVTGGNSAGEMCVFPFVFLGKQYSTCTSEGRSDGRLWCATTSNFDADKKWGFCPDQGYSLFLVAAHEFGHALGLDHSSVPEALMYPMYHYHEDSPLHEDDIKGIHHLYGRGSKPDPRPPATTAAEPQPTAPPTMCSTAPPMAYPTGGPTVAPTGAPSPGPTGPPTAGPSEAPTESSTPDDNPCNVDVFDAIADIQGALHFFKDGRYWKFSNHGGNQLQGPFLIARTWPAFPSKLNSAFEDPQPKKIFFFLWAQMWVYTGQSVLGPRSLDKLGLGSEVTLVTGLLPRRGGKALLISRERIWKFDLKSQKVDPQSVTRLDNEFSGVPWNSHNVFQYQDKAYFCHDKYFWRVSFHNRVNQVDHVAYVTYDLLQCP"
"Q4TU93","MRC2_RAT",1480,"MGPIRPALAPWPRHLLRCVLLLGGLRLGHPADSAAALLEPDVFLIFSQGMQGCLEAQGVQVRVIPVCNASLPAQRWKWVSRNRLFNLGAMQCLGTGWPATNTTVSLGMYECDREALSLRWQCRTLGDQLSLLLGARANNASKPGTLERGDQTRSGHWNIYGSEEDLCARPYYEVYTIQGNSHGKPCTIPFKYDNQWFHGCTSTGREDGHLWCATTQDYGKDERWGFCPIKSNDCETFWDKDQLTDSCYQFNFQSTLSWREAWASCEQQGADLLSITEIHEQTYINGLLTGYSSTLWIGLNDLDTSGGWQWSDNSPLKYLNWESDQPDNPGEENCGVIRTESSGGWQNHDCSIALPYVCKKKPNATAEPIQPDRWANVKVECDPSWQPFQGHCYRLQAEKRSWQESKRACLRGGGDLLSIHSMTELEFITKQIKQEVEELWIGLNDLKLQMNFEWSDGSLVSFTHWHPFEPNNFRDSLEDCVTIWGPEGRWNDSPCNQSLPSICKKAGRLSQGTAEEDHGCRKGWTWHSPSCYWLGEDQVIYSDARRLCTDHGSQLVTITNRFEQAFVSSLIYNWEGEYFWTALQDLNSTGSFRWLSGDEVMYTHWNRDQPGYRRGGCVALATGSAMGLWEVKNCTSFRARYICRQSLGTPVTPELPGPDPTPSLTGSCPQGWVSDPKLRHCYKVFSSERLQEKKSWIEALGVCRELGAQLLSLASYEEEHFVANMLNKIFGESEPENHEQHWFWIGLNRRDPREGHSWRWSDGLGFSYHNFARSQHDDDNIRGCAVLDLASLQWVAMQCQTQLDWICKIPRGVDVREPDIGRQGRLEWVRFQEAEYKFFEHHSSWAQAQRICTWFQAELTSVHSQAELDFLGQNMQKLSSDQEQHWWIGLHTSESDGRFRWSDGSVINFVSWAPGKPRPIGKDKKCVYMTARQEDWGDQRCHTALPYICKRSNSSGETRPHDLPPSTLGGCPSGWNQFLNKCFRIQGQDPQDRVKWSEAQFSCEQQEAQLVTIANPLEQAYITASLPNVTFDLWIGLHGSQRDFQWIEQEPLLYTNWAPGEPSGPSPAPSGTKPTSCAVILHSPSAHFTGRWDDRSCTEETHGFICQKGTDPSLSPSPAAALPAPGTELSYLNRTFRLLQKPLRWKDALLLCESRNASLAHVPDPYTQAFLTQAARGLQAPLWIGLASEEGSRRYSWLSEEPLNYASWQDGEPQHTGGCAYVDVDGTWRTTSCDTKLQGAVCGVSRGPPPPRISYRGSCPQGLADSSWIPFREHCYSFHTELLLGHKEALQRCQRAGGTVLSILDEMENVFVWEHLQTAETQSRGAWLGMNFNPKGGMLVWQDNTAVNYSNWGPPGLGPSMLSHNSCYWIQSSSGLWRPGACTNVTMGVVCKLPRVEENGFLPSAALPENPVALVVVLTAAVLLLLALLTGALILYRRRQSAERGSFEGARYSRSSRSGPAEATEKNILVSDMEMNEQQE"
"P80964","PB1_PIG",130,"MAPRLGIFLLWAGVSVFLPLDPVNGDQHLPGRFLTPAITSDDKCVFPFIYKGNLYFDCTLHDSTYYWCSVTTYYMKRWRYCRSTDYARCALPFIFRGKEYDSCIKEGSVFSKYWCPVTPNYDQDRAWRYC"
"P49259","PLA2R_BOVIN",1463,"MPLLSLSLLLLLLQVPAGSAETAAWAVTPERLREWQDKGIFIIQSENLEKCIQASKSTLTLENCKPPNKYMLWKWVSNHRLFNIGGSGCLGLNVSSPEQPLSIYECDSTHVSLKWHCNKKTITGPLQYLVQVKQDNTLVASRKYLHKWVSYMSGGGGICDYLHKDLYTIKGNAHGTPCMFPFQYNQQWHHECTREGREDNLLWCATTSRYERDEKWGFCPDPTSTEVGCDAVWEKDLHSRICYQFNLLSSLSWSEAHSSCQMQGAALLSIADETEENFVRKHLGSEAVEVWMGLNQLDEDAGWQWSDRTPLNYLNWKPEINFEPFVEYHCGTFNAFMPKAWKSRDCESTLPYVCKKYLNPTDHGVVEKDAWKYYATHCEPGWNPHNRNCYKLQKEKKTWNEALQSCQSNNSVLTDITSLAEVEFLVTLLGDENASETWIGLSSHKIPVSFEWSNGSSVTFTNWHTLEPHIFPNRSQLCVSAEQSEGHWKVKNCEETLFYLCKKTGLVLSDTESGCQKGWERHGKFCYKIDTVLRSFDHASSGYYCPPALITITSRFEQAFITSLISSVVKTKDTYFWIALQDQNNTGEYTWKTAGQQLEPVKYTHWNTRQPRYSGGCVVMRGRSHPGRWEVRDCRHFKAMSLCKQPVENREKTKQEEGWPFHPCYLDWESEPGLASCFKVFHSEKVLMKRTWRQAEEFCEEFGAHLASFAHIEEENFVNELLHSKFNRTEERQFWIGFNKRNPLNAGSWEWSDGTPVVSSFLDNSYFGEDARNCAVYKANKTLLPSYCGSKREWICKIPRDVRPKVPPWYQYDAPWLFYQDAEYLFHISASEWSSFEFVCGWLRSDILTIHSAHEQEFIHSKIRALSKYGVNWWIGLREERASDEFRWRDGSPVIYQNWDKGKERSMGLNESQRCGFISSITGLWASEECSISMPSICKRKKVWVIEKKKDIPKQHGTCPKGWLYFDYKCLLLKIPEGPSDWKNWTSAQDFCVEEGGTLVAIENEVEQAFITMNLFGHTTNVWIGLQDDDYEKWLNGRPVSYSNWSPFDTKNIPNHNTTEVQKRIPLCGLLSNNPNFHFTGKWYFEDCREGYGFVCEKMQDASGHSINTSDMYPIPNTLEYGNRTYKIINANMTWYTALKTCLMHGAELASITDQYHQSFLTVILNRVGYAHWIGLFTEDNGLSFDWSDGTKSSFTFWKDDESSFLGDCVFADTSGRWSSTACESYLQGAICQVPTETRLSGRLELCSETSIPWIKFKSNCYSFSTVLESTSFEAAHEFCKKKGSNLLTIKDEAENSFLLEELLAFRSSVQMIWLNAQFDGDNETIKWFDGTPTDQSNWGIRKPEVYHFKPHLCVALRIPEGVWQLSSCQDKKGFICKMEADIHTVKKHPGKGPSHSVIPLTVALTLLVILAISTLSFCMYKHSHIIFGRLAQFRNPYYPSANFSTVHLEENILISDLEKNDQ"
"Q5R880","PLA2R_PONAB",1464,"MLLSPSLLLPLLLLLGAPRGCAEGVAAALTPERLLEWQDKGIFVIQSESLKKCIQAGKSVLTLENCKQANKHMLWKWVSNHGLFNIGGSGCLGLNFSAPEQPLSLYECDSTLVSLRWRCDRKMITGPLQYSVQVAHDNTVVASRKYFHKWISYGSGGGDICEYLHKDLHTIKGNAHGMPCMFPFQYNHQWHHECTREGREDDLLWCATTSRYERDEKWGFCPDPTSAEVGCDTIWEKDLNSHICYQFNLLSSLSWSEAHSSCQMQGGALLSITDETEENFIREHMSSKTVEVWMGLNQLDEHAGWQWSDGTPLNYLNWSPEVNFEPFVEDHCGTFSSFIPSAWRSRDCASTLPYVCKKYLNHIDHEIVEKDAWKYYATHCEPGWNPYNRNCYKLQKEEKTWHEALRSCQADNSALIDITSLAEVEFLVTLLGDENASETWIGLSSNKIPVSFEWSNDSSVIFTNWHTLEPQIFPNRSQLCVSAEQSEGHWKVKNCEETLFYVCKKAGHVLSDAESGCQEGWERHGGFCYKIDTVLRSFDQASSGYYCPPALVTITNRFEQAFITSLIGSVVKMKDSYFWIALQDQNDTGEYTWKPAGQKPEPVQYTHWNAHQPRYSGGCVAMRGRHPPGRWEVKHCRHFKAMSLCKQPVENQEKAEYEERWPFHPCYLDWESEPGLASCFKVFHSEKVLMKRTWREAEAFCEEFGAHLASFAHIEEENFVNELLYSKFNWTEERQFWIGFNKRNPLNAGSWEWSDRIPVVSSFLDNNYFGEDARNCAVYKANKTLLPLHCGSKREWICKIPRDVKPKIPFWYQYDVPWLFYQDAEYLFHTFASEWLNFEFVCSWLHSDLLTIHSAHEQEFIHSKIKALSKYGASWWIGLQEERANDEFRWRDGTPVIYQNWDTGRERPVNNQSQRCGFISSITGLWGSEECSVSMPSICKRKKVLLIEKKKDTPKQHGTCPKGWLYFNYKCLLLNIPKDPNSWKNWMHAQHFCAEEGGTLVAIESEVEQAFITMNLFGQTTNVWIGLQNDDYETWLNGKPVVYSNWSPFDIINIPSHNTTDVQKHIPLCALLSSNPNFHFTGKWYFEDCGKEGYGFVCEKMQDTSGHGVNTSDMYPMPNTLEYGNRTYKIINANMTWYAAIKTCLMHGTQLVSITDQYHQSFLTVVLNRLGYAHWIGLFTTDNGLNFDWSDGTKSSFTFWKDEESSLLGDCVFADTNGLWHSTACESFLQGAICHVPPETRQSEHPELCSETSIPWIKFKSNCYSFSTVLDRMSFEAAHEFCKKEGSNLLTIKDEAENAFLLEELFAFGSSVQMVWLNAQFDGNNETIKWFDGTPTDQSNWGIRKPDTDYFKPHHCVALRIPEGLQLSLCQEKKGFICKMEADIRTAEELPEKGPSHSIIPLAVVLTLIVIVAICTLSFCIYKHNGGFFRRLAGFRNPYYPATNFSTVHLEENILISDLEKSDQ"
"P49260","PLA2R_RABIT",1458,"MLLSLLLLLLLGAPRRCTEGAAAALSPERVLKWQEKGIFIIQSESLKSCIQAGKSVLTLESCKQPNKNMLWKWVSNQHLFNIGGSGCLGLNLSNPEQPLGLYECDSTHVSLRWRCNRKMITGPLQHTVQVKQDNIIVASGKRLHKWISYMSDSGDICQHVHKDLYTRKGNAHGTPCMFPFQYNHQWHHECTREGRQDDSLWCATTSRYERDEKWGFCPDPTSAEVGCDAVWEKDLNSHICYQFNLLSSLSWSEAHSSCQMHGGALLSIVDEAEENFIRKQVSGEAVEVWTGLNQLDVNAGWQWSDGTPLSYLNWSPEISFEPFVEYHCGTFNSFMPRAWRSRNCESTLPYICKKYLNHVDDEIVEKDAWKYYATDCEPGWAPYHRNCYKLQKEEKTWNEALHSCLSSNSTLIDIGSLAEVEFLVTLLGNENASETWIGLSSNTFPVSFEWSNGSSVIFTNWHTLEPQIFPNRSQLCVSAEQSEGHWKVTDCEETHFYVCKKPGHVLSDAESGCQEGWERHGGFCYKIDTVLRSFDHASSGYYCPPALVTIADRFEQAFITSLISSVVNMKDSYFWIALQDQNDTGEYTWKTAGQKSEPVQYTHWNAHQPRSSGGCVAIRGRNPIGRWEVKDCVHFKAMSLCKQPVETREKMEHEERWPFHPCYLDWESQPGLASCFKVFHSEKVLMKRTWREAEAFCEEFGAHLASFAHIEEENFVNELLHPKFNRSEERQFWIGFNKRNPLNAGSWEWSDGTPVISSFLDNNYFGEDTRNCAVYKANKTLLPLHCGSKREWICKIPRDVRPKIPSWYQYDAPWLFHQDAEYLFYPHSSEWSSFEFVCGWLRSDILTIHSAHEQEFILSKIKALSKYGANWWIGLQEETANDELRWRDGTPVIYQNWDKERDRSMNNQSQRCAFISSITGLWDREECSVSMPSICKRKTFWVIEKEKDTPKQHGTCPKGWLYFDYKCLLVNVPKDPSNWKNWTQARDFCFDEGGTLVAIESEVEQAFITMNLFGQTTNVWIGLQNDDYEKWLNGNPVAYSNWSPSDIINIPSYNTTADQKPIPLCALLSSNPNFHFTGKWYFEDCGKEGYGFVCEKIQDSAGHEVNTSIMDPIPNTLEYGNRTYKIINANMTWYAAIKSCQLHGAELVSITDQYHQSFLTVILSRLGHAHWIGLFTADNGLHFDWSDGTKSSFTFWKDEDSSFLGDCVFADTSGRWHSTACESFLQGAICHVPTETRPFEHPELCSETSIPWIKFKSNCYSFSTVLHSASFEAAHEFCKKEGSNLLTIKDEAENSFLLEEPFAFGASVQMVWLNAQFDNETVKWLDGTPADQSNWGIRKPDMAHFEPHQCLALRIPEGVWQLSPCQKNMGFICKMKADIHTVKEHPGKGPSHSIVPLAVALTLVVILAIITLSFYIYKQNKGFFRRLAGVGNSYYPTTNFSTIHLEENILISDLEKND"
"Q80Z70","SE1L1_RAT",794,"MQVRVRLLLLLCAVLLGSAAASSDEETNQDESLDSKGALPTDGSVKDHTTGKVVLLARDLLILKDSEVESLLQDEEESSKSQEEVSVTEDISFLDSPNPSSKTYEELKRVRKPVLTAIEGTAHGEPCHFPFLFLDKEYDECTSDGREDGRLWCATTYDYKTDEKWGFCETEEDAAKRRQMQEAEAIYQSGMKILNGSTRKNQKREAYRYLQKAAGMNHTKALERVSYALLFGDYLTQNIQAAKEMFEKLTEEGSPKGQTGLGFLYASGLGVNSSQAKALVYYTFGALGGNLIAHMVLGYRYWAGIGVLQSCESALTHYRLVANHVASDISLTGGSVVQRIRLPDEVENPGMNSGMLEEDLIQYYQFLAEKGDVQAQVGLGQLHLHGGRGVEQNHQRAFDYFNLAANAGNSHAMAFLGKMYSEGSDIVPQSNETALHYFKKAADMGNPVGQSGLGMAYLYGRGVQVNYDLALKYFQKAAEQGWVDGQLQLGSMYYNGIGVKRDYKQALKYFNLASQGGHILAFYNLAQMHASGTGVMRSCHTAVELFKNVCERGRWSERLMTAYNSYKDDDYNAAVVQYLLLAEQGYEVAQSNAAFILDQREATIVGENETYPRALLHWNRAASQGYTVARIKLGDYHFYGFGTDVDYETAFIHYRLASEQQHSAQAMFNLGYMHEKGLGIKQDIHLAKRFYDMAAEASPDAQVPVFLALCKLGVVYFLQYIREANIRDLFTQLDMDQLLGPEWDLYLMTIIALLLGTVIAYRQRQHQDIPVPRPPGPRPAPPQQEGPPEQQPPQ"
"Q9ESM7","SE1L1_MESAU",794,"MQVHVGLTLLLCAVLLSSATASSDDESNQDESIDSKSSLPADESVKDHSTTGRVVAGQIFVDSEDPEVESPLQEEEESSKTEEEVSVGEEISFVESPSLSSKSYEEAKRARKPVLTAIEGTAHGEPCHFPFLFLDKEYDECTSDGRQDGRLWCATTYDYKTDEKWGFCETEEDAAKRRQMQEAEMIYQAGMKILNGSNRKSQKREAYRYLQKAAGMNHTKALERVSYALLFGDYLTQNIQAAKEMFEKLTEEGSPKGQTALGFLYVSGLGVNSSQAKALVYYTFGALGGNLIAHMVLGYRYWAGIGVLQSCESVLTHYRLVANHVASDISLTGGSVVQRIRLPDEVENPGMNSGMLEEDLIQYYQFLAEKGDVQAQVGLGQLHLHGGRGVEQNHQRAFDYFNLAANAGNSHAMAFLGKMYSEGSDIVPQSNETALHYFKKAADMGNPVGQSGLGMAYLYGRGIQVNYDLALKYFQKAAEQGWVDGQLQLGSMYYNGIGVKRDYKQALKYFNLASQGGHILAFYNLAQMHASGTGVMRSCHTAVELFKNVCERGRWSERLMTAYNSYKDGDYNAAVVQYLLLAEQGYEVAQSNAAFILDQREATIVGENETYPRALLHWNRAASQGYTVARIKLGDYHFYGFGTDVDYETAFIHYRLASEQQHSAQAMFNLGYMHEKGLGIKQDIHLAKRFYDMAAEASPDAQVPVFLALCKLGVVYFLQYIREANIRDIFTQLDMDQLLGPEWDLYLMTIIALLLGTVIAYRQRQHQDVPVPRPPGPWPAPPQQEGPPEQQPPQ"
"P04557","SFP3_BOVIN",140,"MALRLGLFLIWAGVSMFLQLDPVNGDEQLSEDNVILPKEKKDPASGAETKDNKCVFPFIYGNKKYFDCTLHGSLFLWCSLDADYTGRWKYCTKNDYAKCVFPFIYEGKSYDTCIIIGSTFMNYWCSLSSNYDEDGVWKYC"
"P81019","SFP4_BOVIN",183,"MAPLVGLFLIWAGASVFQQLHPVNGGDIPDPGSKPTPPGMADELPTETYDLPPEIYTTTFLPRTIYPQEEMPYDDKPFPSLLSKANDLNAVFEGPACAFPFTYKGKKYYMCTRKNSVLLWCSLDTEYQGNWKFCTERDEPECVFPFIYRKKSYESCTRVHSFFWRRWCSLTSNYDRDKAWKYC"
"P81121","SP1_HORSE",120,"DLQTTGADHSATVNPDQQLIMTKHSATVTPENKCVFPFNYRGYRYYDCTRTDSFYRWCSLTGTYSGSWKYCAATDYAKCAFPFVYRGQTYDRCTTDGSLFRISWCSVTPNYDHHGAWKYC"
